Employee_ID,Age,Gender,Industry,Work_Location,Stress_Level_Numeric,Work_Hours_Per_Week,Access_to_Mental_Health_Resources,Work_Life_Balance_Rating,Mental_Health_Risk,Sleep_Hours,Productivity_Score
1039,23,Male,Support,No,7.29,31,No,8.08,Medium,7.2,1.04
1331,27,Female,Sales,Hybrid,5.53,58,Yes,5.91,Medium,7.1,1.14
1388,26,Female,HR,Hybrid,1.23,33,Yes,8.69,Low,5.4,7.43
1502,26,Female,HR,Yes,4.24,52,No,4.26,Low,6.5,1.55
1583,27,Female,Sales,No,4.88,52,No,8.58,Low,8.3,1.58
1587,23,Male,Marketing,No,5.19,54,No,7.65,Medium,5.4,1.57
1639,26,Male,HR,Hybrid,4.83,52,Yes,6.89,Low,6.8,1.98
1687,25,Female,Marketing,Yes,6.69,54,No,2.24,Medium,8.3,6.08
1697,26,Male,IT,No,3.11,47,No,1.93,Low,5.0,1.62
1733,24,Male,HR,No,7.33,42,No,3.71,Medium,6.1,9.9
1753,24,Female,HR,Yes,8.43,54,No,9.77,High,6.0,5.39
1764,27,Male,Support,Yes,2.12,49,No,7.73,Low,6.8,1.03
1794,23,Male,IT,Yes,8.97,40,Yes,5.51,High,8.2,3.44
1979,27,Female,HR,Yes,2.07,52,Yes,7.45,Low,6.8,1.46
2010,23,Male,IT,Hybrid,6.91,35,No,4.13,Medium,7.7,5.32
2015,22,Female,Marketing,Hybrid,2.04,48,Yes,3.28,Low,4.5,3.88
2032,24,Male,Engineering,No,5.73,46,No,9.58,Medium,4.2,4.1
2048,25,Female,HR,No,4.93,49,No,3.22,Low,8.6,3.95
2131,22,Female,Sales,Yes,6.65,44,Yes,5.38,Medium,6.6,5.16
2143,26,Male,HR,Yes,8.7,45,No,3.16,High,8.8,9.91
2157,22,Male,Sales,Yes,8.53,56,Yes,6.3,High,4.8,6.41
2224,25,Male,Sales,Yes,2.03,48,Yes,8.8,Low,7.6,4.1
2252,24,Male,Support,No,3.39,42,No,8.41,Low,5.2,2.0
2306,24,Female,Marketing,No,6.56,58,Yes,7.71,Medium,5.1,7.64
2414,27,Male,Sales,No,1.33,51,No,2.45,Low,6.7,7.08
2432,23,Male,Sales,No,9.15,55,Yes,3.25,High,5.6,8.17
2650,26,Female,Sales,Hybrid,2.87,59,No,8.03,Low,6.1,7.87
2676,26,Male,Marketing,Yes,8.1,53,Yes,4.38,High,7.8,1.62
2720,26,Female,IT,Hybrid,7.15,42,No,5.71,Medium,5.8,2.68
2739,27,Male,Support,No,3.55,31,No,8.49,Low,7.4,1.61
2790,27,Male,HR,Yes,6.83,56,No,5.71,Medium,7.5,8.49
2886,24,Female,Marketing,Hybrid,9.33,32,No,8.07,High,7.0,3.06
2905,23,Female,Support,Hybrid,9.93,56,Yes,9.99,High,4.4,7.35
2947,26,Male,Sales,Hybrid,6.65,36,No,6.71,Medium,8.3,1.59
2953,27,Male,Marketing,No,2.47,42,Yes,4.29,Low,6.8,2.05
2969,23,Female,IT,Yes,9.08,32,Yes,3.86,High,8.6,4.11
3261,25,Male,Marketing,Yes,5.71,41,Yes,1.1,Medium,6.8,1.23
3289,25,Male,Sales,Yes,4.82,50,Yes,2.88,Low,7.0,9.95
3338,25,Male,Support,Hybrid,7.73,50,Yes,1.42,Medium,8.3,5.02
3358,26,Female,Engineering,Hybrid,7.2,46,Yes,6.7,Medium,6.6,9.56
3421,24,Male,Marketing,Hybrid,9.74,47,Yes,8.93,High,5.8,4.93
3477,23,Male,HR,Hybrid,5.71,57,Yes,4.29,Medium,8.0,2.91
3532,25,Male,Marketing,No,9.88,51,No,2.28,High,8.5,2.43
3539,24,Male,IT,Yes,2.96,39,No,6.55,Low,5.6,2.01
3588,23,Female,HR,Hybrid,7.49,47,Yes,1.03,Medium,6.9,1.61
3594,22,Female,Engineering,Hybrid,8.08,47,Yes,1.44,High,7.9,7.86
3598,25,Male,Support,Yes,7.9,30,Yes,5.01,Medium,5.7,4.56
3636,24,Male,HR,Yes,9.83,44,Yes,10.0,High,5.7,7.4
3712,22,Female,Sales,No,8.04,48,No,9.45,High,8.8,6.85
3722,27,Male,IT,No,9.1,44,No,5.94,High,6.1,9.61
3794,24,Male,Support,Yes,1.81,43,No,2.43,Low,8.5,3.05
3845,22,Female,Sales,Hybrid,3.39,44,Yes,9.26,Low,8.7,3.47
3857,26,Female,Marketing,Yes,9.52,33,Yes,9.34,High,7.0,5.53
3883,25,Male,Engineering,Hybrid,1.06,51,Yes,4.67,Low,4.9,9.18
3997,24,Male,Marketing,No,3.47,31,Yes,3.76,Low,4.9,6.99
1072,22,Male,Support,Yes,7.97,37,Yes,9.88,Medium,4.8,1.51
1086,26,Male,Support,Hybrid,5.08,55,No,8.16,Medium,5.2,7.35
1106,22,Female,HR,Yes,7.63,47,Yes,9.05,Medium,4.2,3.45
1130,23,Female,IT,Hybrid,5.71,54,No,3.23,Medium,5.8,1.88
1245,25,Female,Engineering,Hybrid,7.76,41,No,1.72,Medium,7.3,8.32
1278,27,Female,Support,No,2.55,50,No,3.34,Low,4.7,7.76
1294,24,Female,Support,Hybrid,8.51,49,Yes,8.28,High,7.6,8.39
1301,23,Male,HR,Yes,2.24,45,Yes,6.17,Low,7.5,3.92
1396,26,Female,Support,Yes,7.95,45,No,9.6,Medium,5.3,6.06
1486,26,Male,Engineering,Hybrid,3.01,52,Yes,1.18,Low,5.0,6.66
1513,25,Female,Support,No,9.1,39,Yes,1.53,High,4.1,7.46
1628,22,Male,Support,Hybrid,4.08,51,Yes,4.17,Low,5.6,1.68
1674,26,Female,Marketing,Hybrid,8.53,51,No,4.72,High,5.1,2.48
1778,24,Female,Engineering,Yes,9.84,35,No,5.34,High,8.0,3.73
1784,27,Male,Sales,Yes,5.57,57,Yes,3.98,Medium,4.0,3.04
1847,22,Female,Support,No,2.39,37,Yes,8.16,Low,4.2,5.93
1879,27,Male,Support,Yes,4.53,53,No,6.52,Low,7.5,3.61
2066,22,Male,IT,Yes,9.86,36,No,3.64,High,7.3,2.03
2182,27,Male,Sales,No,4.21,37,Yes,8.74,Low,6.0,5.93
2219,24,Female,HR,Hybrid,1.7,56,No,2.66,Low,6.2,2.39
2367,23,Male,HR,No,7.26,38,Yes,2.56,Medium,6.6,1.48
2535,24,Female,HR,Hybrid,5.7,32,Yes,1.64,Medium,4.2,8.2
2536,27,Male,Sales,Hybrid,7.06,37,Yes,6.73,Medium,6.1,4.76
2603,27,Female,IT,Yes,4.43,53,Yes,2.59,Low,7.7,2.15
2618,23,Female,IT,Yes,1.18,51,Yes,2.57,Low,8.8,7.26
2625,23,Female,Support,No,1.38,36,No,7.12,Low,7.9,5.25
2630,23,Male,HR,Yes,5.02,49,No,2.41,Medium,6.7,8.21
2701,22,Female,Support,No,3.96,54,Yes,3.06,Low,7.9,7.56
2713,25,Female,Engineering,Hybrid,9.17,31,Yes,7.95,High,8.4,7.61
2942,24,Male,Sales,Yes,7.98,45,Yes,5.26,Medium,6.8,6.23
2949,22,Female,HR,No,9.45,38,No,9.65,High,5.6,9.86
3032,25,Male,HR,No,4.45,46,No,5.66,Low,8.0,1.35
3055,23,Male,IT,No,9.84,40,Yes,5.99,High,6.8,1.79
3089,23,Female,Marketing,Hybrid,3.28,44,Yes,4.92,Low,4.7,8.24
3123,22,Female,IT,Yes,9.92,36,Yes,7.41,High,5.9,5.54
3142,22,Female,Marketing,Yes,1.46,46,No,5.54,Low,6.6,9.47
3405,27,Female,Support,No,6.27,35,Yes,1.77,Medium,7.6,4.2
3431,25,Female,Engineering,Yes,7.06,44,Yes,8.33,Medium,4.0,9.01
3555,23,Male,HR,Hybrid,2.04,34,No,9.02,Low,4.1,5.88
3659,25,Male,HR,No,7.9,42,Yes,5.89,Medium,4.3,8.34
3804,23,Female,Marketing,Hybrid,3.04,49,No,6.25,Low,4.3,7.04
3808,22,Female,Engineering,No,4.11,31,No,3.43,Low,6.6,6.84
3864,25,Female,Sales,No,6.45,44,Yes,6.06,Medium,8.2,1.77
3923,26,Male,IT,No,5.13,58,Yes,9.58,Medium,5.1,1.91
1018,23,Female,IT,Hybrid,3.89,37,No,4.74,Low,6.6,6.83
1050,27,Female,Engineering,Yes,4.63,39,No,6.46,Low,6.5,8.61
1216,26,Female,HR,Hybrid,2.93,56,No,4.47,Low,5.7,2.43
1240,23,Female,Support,Hybrid,5.18,50,Yes,8.21,Medium,7.7,3.11
1290,24,Female,Engineering,No,2.23,30,Yes,9.62,Low,5.4,9.92
1337,25,Female,Engineering,Yes,6.6,43,No,3.18,Medium,5.6,6.27
1365,24,Female,Sales,Yes,2.39,37,No,4.85,Low,5.1,4.54
1413,24,Female,Engineering,Yes,1.48,35,No,2.27,Low,5.4,6.89
1414,22,Female,Support,Hybrid,2.2,50,Yes,6.73,Low,8.4,3.52
1433,25,Male,Sales,Yes,2.23,57,No,7.64,Low,8.4,8.64
1550,22,Male,HR,Hybrid,7.15,44,No,3.35,Medium,7.7,8.7
1605,22,Male,Sales,Hybrid,6.35,57,Yes,2.92,Medium,5.5,2.64
1799,26,Female,IT,No,9.03,44,Yes,3.35,High,6.0,8.8
1818,27,Male,IT,No,4.96,36,Yes,8.76,Low,7.0,9.65
1858,26,Male,Sales,No,8.27,43,No,3.46,High,7.6,9.47
1862,25,Female,Support,Yes,1.06,48,No,7.75,Low,8.8,3.49
1877,23,Female,Marketing,Hybrid,3.04,53,No,7.86,Low,4.2,5.68
1939,25,Female,Engineering,Hybrid,8.93,54,No,2.81,High,6.0,2.19
1951,22,Female,Support,No,4.0,55,Yes,4.86,Low,6.1,3.54
1957,22,Female,HR,Yes,6.08,48,No,9.42,Medium,6.6,8.07
2065,23,Female,Engineering,No,3.18,31,No,8.97,Low,8.5,4.09
2067,26,Male,Marketing,No,9.13,46,Yes,2.22,High,4.3,1.48
2097,25,Female,Marketing,No,4.48,33,Yes,4.11,Low,7.8,2.57
2294,24,Female,Marketing,No,6.7,42,No,8.24,Medium,6.2,3.13
2324,26,Male,HR,No,5.12,53,No,7.02,Medium,5.6,9.03
2393,25,Male,HR,Hybrid,6.99,35,Yes,4.93,Medium,5.7,6.89
2520,23,Female,HR,Hybrid,7.9,32,No,7.85,Medium,4.2,9.34
2529,23,Female,HR,No,2.11,36,Yes,9.17,Low,7.3,4.92
2570,27,Male,HR,Hybrid,1.76,39,No,4.75,Low,5.8,2.29
2770,23,Female,HR,Hybrid,2.21,46,Yes,2.56,Low,7.4,5.27
2833,22,Male,Engineering,Hybrid,9.19,57,No,9.32,High,7.1,8.36
2916,27,Female,Support,Hybrid,1.18,51,Yes,1.6,Low,4.2,8.22
2919,23,Male,IT,Yes,2.11,38,Yes,9.09,Low,4.2,8.36
3018,22,Male,Support,Hybrid,6.68,47,Yes,6.8,Medium,4.1,8.69
3043,27,Female,Marketing,Hybrid,3.71,45,No,8.33,Low,6.5,3.06
3050,26,Male,HR,Hybrid,8.56,51,Yes,2.24,High,6.2,8.19
3072,25,Male,IT,Hybrid,2.53,47,Yes,1.98,Low,5.2,8.25
3234,23,Female,Marketing,Yes,9.99,31,No,1.96,High,7.3,4.12
3353,27,Male,Sales,Hybrid,8.63,51,Yes,2.86,High,7.2,9.06
3395,27,Male,Support,Hybrid,6.79,31,Yes,5.82,Medium,6.4,7.3
3420,26,Female,IT,Yes,7.93,50,Yes,1.04,Medium,6.8,7.92
3449,23,Female,IT,Hybrid,9.84,31,Yes,2.04,High,8.8,1.57
3508,24,Male,Support,No,7.02,58,Yes,7.22,Medium,5.1,9.03
3520,27,Female,Sales,No,6.25,33,Yes,7.71,Medium,6.5,6.62
3537,26,Female,HR,Yes,5.82,38,No,1.84,Medium,6.9,6.01
3672,26,Female,IT,No,6.74,57,Yes,3.59,Medium,6.5,5.38
3685,22,Female,Support,Yes,5.29,55,No,3.75,Medium,8.3,6.64
3770,23,Female,Support,No,3.15,57,Yes,3.97,Low,7.7,5.3
3829,24,Male,Engineering,No,9.66,33,No,2.04,High,8.5,8.56
3874,27,Male,Support,Yes,5.5,41,Yes,3.32,Medium,6.6,4.69
3905,22,Female,Marketing,Yes,8.82,53,Yes,3.08,High,5.8,9.57
3971,24,Female,Engineering,No,2.39,31,Yes,3.5,Low,7.1,7.18
1014,23,Female,Sales,Yes,9.45,50,No,8.24,High,8.8,1.7
1034,25,Female,IT,Hybrid,8.39,44,Yes,8.06,High,4.9,5.21
1051,25,Female,HR,Yes,6.48,32,No,8.23,Medium,9.0,7.4
1077,22,Male,Sales,Yes,7.47,35,No,9.5,Medium,7.6,7.75
1118,25,Male,IT,No,7.47,57,Yes,2.87,Medium,6.9,4.81
1161,23,Male,Support,Yes,5.5,39,No,1.82,Medium,6.0,7.19
1401,23,Female,HR,Yes,6.8,56,Yes,1.19,Medium,4.1,9.92
1501,23,Female,IT,Yes,4.82,34,Yes,6.24,Low,8.7,8.18
1522,24,Male,Engineering,Yes,4.31,48,No,2.64,Low,5.2,3.08
1625,22,Male,IT,Hybrid,4.32,37,Yes,4.84,Low,8.8,9.57
1751,25,Female,Engineering,Hybrid,9.32,47,No,8.39,High,4.4,8.83
1761,27,Female,HR,Hybrid,8.46,39,Yes,2.26,High,6.2,6.74
1770,27,Female,Support,Hybrid,7.65,34,Yes,2.85,Medium,6.1,2.56
1800,27,Male,HR,Hybrid,2.08,36,No,5.94,Low,4.2,4.77
1896,25,Male,Support,Yes,3.1,45,Yes,6.71,Low,8.8,7.17
1900,26,Male,Support,Yes,6.08,41,No,2.61,Medium,7.8,7.65
1922,26,Female,Engineering,Hybrid,6.91,46,Yes,8.47,Medium,8.0,5.37
2018,24,Male,Engineering,Yes,3.19,45,Yes,4.24,Low,6.5,1.35
2104,27,Male,HR,Hybrid,8.91,53,No,4.06,High,7.2,8.81
2283,27,Female,Marketing,No,2.23,49,No,5.88,Low,6.6,4.01
2310,24,Male,Marketing,Yes,7.97,48,No,9.47,Medium,7.1,4.55
2376,27,Male,Sales,Yes,3.29,30,No,4.57,Low,8.8,5.42
2423,25,Female,IT,No,2.68,55,Yes,8.22,Low,7.2,2.92
2473,24,Female,HR,Hybrid,2.37,57,No,3.14,Low,7.4,4.5
2538,27,Male,Sales,No,8.34,30,No,9.74,High,5.9,3.42
2654,22,Female,Sales,Yes,5.55,35,Yes,2.71,Medium,8.1,7.46
2693,22,Female,Engineering,Yes,9.27,56,No,8.03,High,5.7,5.51
2698,26,Female,Engineering,Hybrid,1.33,43,Yes,8.41,Low,6.8,3.83
2903,25,Male,HR,No,6.95,41,No,1.04,Medium,5.1,2.46
2929,26,Male,Marketing,Hybrid,9.78,56,Yes,1.48,High,6.5,6.35
2967,23,Male,HR,No,4.67,48,Yes,3.85,Low,5.1,6.04
2977,25,Female,Engineering,No,7.63,57,No,9.15,Medium,7.3,2.96
3182,25,Male,Engineering,Yes,7.36,59,Yes,4.66,Medium,6.4,3.37
3337,27,Female,Sales,No,4.1,56,Yes,1.56,Low,6.1,6.1
3368,25,Male,Sales,Yes,2.79,52,No,7.77,Low,5.7,4.05
3507,24,Male,Engineering,Yes,2.89,47,Yes,8.65,Low,7.3,4.35
3513,22,Male,Support,No,4.52,49,No,4.14,Low,4.1,7.68
3597,24,Male,Engineering,Yes,9.78,39,Yes,6.87,High,6.7,7.64
3716,27,Male,Sales,Yes,9.41,44,Yes,7.38,High,8.6,5.97
3935,26,Male,Sales,No,1.72,30,No,7.68,Low,5.6,4.78
1107,26,Female,Marketing,Yes,8.14,33,No,2.62,High,8.0,8.16
1131,27,Male,Engineering,Hybrid,7.23,53,Yes,7.89,Medium,4.8,5.84
1140,22,Female,HR,Hybrid,3.08,42,No,9.75,Low,5.4,7.44
1156,23,Male,Marketing,No,8.11,44,No,7.89,High,5.0,8.81
1213,23,Female,Support,Hybrid,2.47,38,No,1.47,Low,5.5,1.55
1252,24,Female,Sales,Hybrid,1.46,42,Yes,6.86,Low,6.1,9.21
1324,23,Female,HR,Hybrid,9.8,36,No,9.94,High,6.8,1.81
1338,27,Male,HR,Yes,9.7,34,No,2.78,High,7.0,3.01
1529,24,Female,Engineering,Yes,4.36,45,No,4.33,Low,7.1,6.76
1636,24,Male,Engineering,Yes,1.51,49,No,8.52,Low,7.5,6.63
1648,23,Male,Engineering,Yes,5.08,47,Yes,3.66,Medium,7.6,9.26
1702,27,Male,Marketing,Hybrid,3.09,37,Yes,9.34,Low,6.0,8.41
1704,26,Male,Sales,No,3.62,58,No,7.52,Low,8.5,5.2
1789,25,Female,Marketing,Yes,4.48,31,Yes,4.22,Low,6.5,6.53
2008,22,Male,Engineering,Yes,9.99,51,No,2.79,High,7.0,7.35
2071,24,Female,Support,Yes,6.73,50,Yes,6.8,Medium,7.6,2.28
2232,23,Male,HR,Hybrid,8.64,34,No,2.96,High,5.9,6.2
2255,25,Female,Engineering,Yes,8.62,58,No,3.64,High,5.0,7.41
2389,25,Female,HR,Hybrid,9.96,30,No,8.0,High,5.4,6.14
2446,27,Male,IT,Yes,5.14,31,No,3.45,Medium,6.8,1.72
2448,26,Male,HR,Yes,2.25,41,No,7.01,Low,6.4,8.74
2450,22,Male,Support,Yes,4.62,30,Yes,8.91,Low,6.6,1.11
2470,24,Female,Engineering,No,9.31,50,Yes,1.92,High,7.9,1.72
2552,27,Female,Sales,No,6.95,35,No,6.59,Medium,8.2,7.85
2663,27,Female,Support,Hybrid,5.41,33,No,4.18,Medium,5.5,9.63
2818,25,Female,HR,Yes,8.32,52,No,2.2,High,8.5,7.76
2862,26,Female,Marketing,No,2.11,49,No,8.92,Low,5.6,2.0
2917,23,Female,Engineering,No,1.5,42,Yes,1.87,Low,5.4,4.86
2972,22,Female,Support,No,9.66,38,No,1.52,High,8.4,3.88
3002,23,Male,IT,No,5.32,52,No,9.65,Medium,5.2,2.13
3020,24,Male,Sales,Hybrid,1.31,32,Yes,6.24,Low,4.6,7.53
3165,26,Male,Sales,Hybrid,7.43,53,Yes,7.74,Medium,8.1,6.25
3257,22,Female,Engineering,No,1.77,58,No,7.66,Low,7.1,1.18
3259,24,Male,HR,Yes,1.99,48,Yes,4.79,Low,5.4,8.93
3260,22,Female,IT,Hybrid,9.6,35,Yes,1.79,High,4.9,6.12
3285,27,Male,Sales,Hybrid,2.9,46,Yes,4.71,Low,7.2,2.04
3305,25,Female,Sales,No,4.74,54,Yes,6.03,Low,8.0,2.22
3445,22,Male,IT,No,8.01,36,Yes,9.8,High,7.2,2.71
3487,26,Female,Marketing,Yes,5.7,55,No,2.49,Medium,6.5,3.29
3502,27,Male,Engineering,Yes,6.76,35,Yes,7.42,Medium,5.6,1.48
3541,25,Female,Marketing,No,9.23,48,Yes,8.57,High,5.7,8.58
3552,27,Male,HR,Yes,5.59,33,No,2.87,Medium,7.4,9.61
3591,27,Female,Engineering,No,6.45,42,Yes,2.1,Medium,7.8,6.5
3751,22,Male,Sales,No,5.76,47,Yes,2.13,Medium,7.7,1.39
3771,25,Male,Marketing,Hybrid,5.03,32,No,7.72,Medium,8.9,5.01
3980,24,Female,Support,Hybrid,2.71,50,Yes,6.39,Low,8.6,9.9
1101,22,Female,Engineering,Yes,1.29,36,No,6.26,Low,8.2,7.85
1143,24,Female,Marketing,Yes,4.79,32,Yes,5.43,Low,7.2,3.84
1157,24,Female,Sales,Yes,3.11,31,No,5.52,Low,5.1,4.52
1195,24,Male,Sales,Hybrid,4.22,41,No,6.38,Low,4.2,7.69
1223,24,Male,Marketing,Yes,3.62,39,Yes,7.63,Low,4.9,1.62
1395,22,Female,IT,No,7.85,46,Yes,7.56,Medium,8.4,1.93
1528,22,Female,Engineering,Hybrid,4.27,30,Yes,1.2,Low,5.3,3.22
1585,26,Female,IT,Hybrid,5.5,34,Yes,4.53,Medium,8.0,2.94
1638,22,Female,Sales,No,3.9,45,Yes,3.5,Low,6.2,8.51
1676,27,Male,Marketing,Yes,1.27,45,Yes,2.01,Low,7.5,1.52
1769,27,Female,Marketing,No,2.3,52,No,7.79,Low,5.5,6.11
1823,23,Male,Sales,No,6.36,32,No,1.99,Medium,8.5,3.24
1825,23,Male,IT,Yes,8.54,43,No,2.61,High,7.2,3.25
1827,22,Male,IT,No,2.63,43,No,3.48,Low,4.2,8.38
1880,27,Male,HR,Hybrid,1.63,35,No,3.3,Low,5.1,6.02
1911,26,Female,IT,Yes,5.56,57,No,2.11,Medium,5.0,2.08
1915,23,Male,Engineering,Hybrid,9.02,30,No,5.88,High,4.7,8.7
1927,27,Female,HR,Hybrid,2.75,55,Yes,7.59,Low,4.7,6.73
2014,25,Male,Sales,Hybrid,2.95,49,Yes,7.78,Low,5.4,1.44
2031,22,Female,Marketing,No,4.54,46,Yes,5.3,Low,8.6,9.36
2250,22,Male,Sales,Yes,1.9,31,Yes,2.66,Low,4.4,9.93
2282,24,Male,Support,Hybrid,8.11,41,No,3.38,High,8.4,8.39
2284,26,Male,Sales,No,4.26,49,No,4.7,Low,6.0,7.35
2400,22,Male,HR,No,7.39,40,No,6.61,Medium,8.8,9.4
2438,24,Male,Engineering,No,1.51,50,No,1.65,Low,4.6,9.44
2555,24,Female,Sales,Hybrid,6.69,41,No,6.67,Medium,4.3,4.56
2591,25,Female,Support,Yes,1.04,50,No,1.07,Low,4.9,1.04
2674,27,Female,Engineering,Yes,5.36,43,No,7.52,Medium,5.6,2.34
2715,22,Female,Support,Hybrid,2.31,42,No,9.92,Low,4.7,6.26
2733,25,Male,HR,No,5.27,53,No,8.05,Medium,7.9,1.55
2806,25,Female,Marketing,Yes,9.85,52,No,3.74,High,5.2,3.94
2831,25,Male,HR,Hybrid,9.11,41,No,1.91,High,8.1,4.84
2851,25,Female,Marketing,Yes,1.08,56,Yes,6.3,Low,8.8,1.12
2890,25,Male,HR,No,1.34,51,No,8.15,Low,8.5,7.48
2913,24,Female,Support,No,2.31,32,No,3.02,Low,6.3,7.22
3012,23,Female,Engineering,Hybrid,5.58,49,No,7.35,Medium,7.3,3.68
3088,26,Male,Sales,Yes,5.08,49,Yes,4.55,Medium,6.3,2.77
3098,22,Female,HR,No,3.39,39,No,7.09,Low,7.4,1.55
3112,25,Male,Sales,No,9.34,38,Yes,3.38,High,5.9,4.7
3124,23,Male,Marketing,Yes,2.55,40,Yes,8.13,Low,6.6,7.02
3154,26,Female,Marketing,Hybrid,4.25,51,Yes,5.59,Low,4.1,1.48
3270,23,Male,Engineering,Hybrid,9.53,39,No,8.54,High,7.2,4.22
3312,25,Female,Support,Hybrid,9.66,59,Yes,5.32,High,4.8,1.83
3348,26,Female,HR,No,9.95,50,Yes,6.89,High,5.1,8.11
3448,26,Male,Engineering,Yes,1.64,47,Yes,1.57,Low,4.8,3.59
3483,27,Male,IT,No,1.11,43,Yes,4.09,Low,5.5,5.93
3578,26,Female,HR,Hybrid,4.61,36,No,1.58,Low,7.4,5.62
3675,24,Female,Engineering,No,1.05,52,No,2.74,Low,7.9,7.07
3783,23,Female,Engineering,Yes,5.6,41,No,3.17,Medium,6.1,8.29
3842,25,Female,Engineering,No,1.88,51,No,8.16,Low,8.5,4.69
3844,22,Female,IT,Yes,4.8,34,No,4.89,Low,8.3,1.66
3865,26,Female,HR,Yes,4.95,49,No,2.29,Low,5.2,2.72
3870,25,Male,HR,No,8.05,36,No,5.63,High,4.9,9.14
3882,27,Male,IT,No,7.21,52,Yes,7.53,Medium,7.1,2.24
1048,25,Male,Sales,Hybrid,9.06,46,No,9.59,High,5.0,9.02
1049,23,Female,Engineering,Hybrid,4.46,59,Yes,3.75,Low,7.6,4.12
1174,25,Male,Marketing,Hybrid,9.67,46,No,3.67,High,4.9,8.23
1187,27,Male,Sales,No,8.65,58,No,3.32,High,8.3,3.98
1270,26,Female,Marketing,No,3.19,46,Yes,2.06,Low,4.9,9.24
1397,25,Female,Sales,Hybrid,9.64,38,No,3.5,High,6.0,6.34
1508,22,Female,Engineering,Hybrid,3.75,33,No,6.43,Low,8.5,7.23
1515,27,Female,Engineering,Yes,8.26,59,Yes,3.87,High,6.8,5.57
1535,27,Male,Support,Yes,6.11,30,Yes,2.82,Medium,6.5,9.23
1610,26,Female,Sales,No,5.74,35,Yes,9.27,Medium,7.5,4.76
1612,26,Male,IT,Yes,2.07,31,No,1.76,Low,5.1,1.62
1614,24,Male,Marketing,Yes,1.72,42,No,6.83,Low,7.7,2.4
1689,24,Female,Support,Hybrid,5.25,31,No,6.59,Medium,6.6,8.11
1691,24,Female,Marketing,Hybrid,7.12,51,Yes,8.96,Medium,7.9,5.07
1703,22,Male,Sales,No,1.44,30,Yes,7.82,Low,8.5,1.94
1718,22,Male,IT,Hybrid,6.25,30,No,9.82,Medium,8.3,1.93
1771,25,Male,HR,Yes,8.23,38,Yes,8.74,High,5.3,2.47
1802,25,Male,Support,Yes,8.27,34,No,7.12,High,5.3,6.22
1820,26,Female,Marketing,Yes,2.22,48,No,5.69,Low,6.9,3.23
1839,26,Male,IT,Hybrid,8.72,46,No,2.05,High,6.9,6.27
1881,24,Male,Support,Hybrid,2.82,50,Yes,8.11,Low,6.2,6.42
2130,23,Male,HR,Yes,9.28,36,No,5.99,High,6.9,5.26
2268,27,Female,Support,No,7.84,53,No,6.7,Medium,5.9,2.39
2285,26,Male,Sales,Yes,5.18,50,Yes,4.02,Medium,6.8,7.3
2449,24,Male,Marketing,No,7.21,50,Yes,8.71,Medium,7.8,9.3
2551,25,Male,Marketing,Yes,9.61,30,No,3.43,High,8.6,7.76
2605,24,Male,Support,No,3.62,30,No,2.73,Low,8.6,9.35
2672,22,Female,HR,Hybrid,2.13,31,No,2.74,Low,6.8,2.12
2746,22,Male,Marketing,Yes,7.21,54,Yes,5.25,Medium,5.1,6.42
2772,24,Female,Support,Yes,8.1,53,Yes,4.19,High,7.0,3.92
2898,24,Female,Engineering,No,7.13,52,No,3.28,Medium,4.6,2.15
2902,27,Female,Sales,Hybrid,4.08,33,Yes,5.13,Low,8.5,3.32
2914,24,Female,Engineering,Yes,8.72,55,No,8.4,High,5.6,6.49
2974,24,Female,Marketing,Hybrid,6.05,42,Yes,7.63,Medium,4.6,3.51
3071,25,Male,HR,Yes,5.19,54,Yes,5.65,Medium,5.4,9.4
3247,24,Male,Sales,Yes,8.83,46,Yes,3.0,High,4.4,1.95
3366,27,Male,Marketing,Hybrid,4.73,44,No,5.16,Low,4.9,1.64
3451,23,Male,Sales,Yes,8.67,43,Yes,9.51,High,5.9,4.3
3504,23,Male,Engineering,Yes,2.61,33,No,7.46,Low,5.4,8.3
3546,26,Male,Marketing,Hybrid,5.82,44,Yes,3.53,Medium,5.9,9.85
3614,27,Male,HR,Yes,6.73,35,Yes,4.7,Medium,7.7,5.17
3658,25,Male,Marketing,Hybrid,2.02,47,No,1.86,Low,6.3,3.06
3796,27,Male,IT,No,9.78,59,No,3.61,High,6.7,1.91
3801,24,Male,Engineering,Yes,5.29,35,No,5.94,Medium,7.0,5.22
3828,24,Male,Engineering,Yes,6.93,59,Yes,5.72,Medium,7.6,7.73
3904,25,Female,HR,Yes,3.45,48,Yes,6.81,Low,8.4,2.06
1012,24,Male,Marketing,Hybrid,9.83,34,Yes,3.77,High,6.6,6.31
1190,24,Male,HR,Yes,4.48,50,No,9.88,Low,5.5,7.45
1272,25,Male,Support,Hybrid,5.31,43,No,7.06,Medium,6.0,2.15
1299,23,Female,HR,Hybrid,9.54,43,No,3.66,High,4.1,4.24
1362,26,Female,Engineering,Yes,2.88,38,Yes,4.44,Low,4.1,8.98
1421,23,Male,Marketing,No,6.86,40,Yes,4.28,Medium,6.5,8.27
1590,26,Male,HR,Hybrid,4.7,35,Yes,5.02,Low,5.2,2.32
1627,25,Male,Sales,No,4.84,35,No,7.65,Low,5.5,5.75
1677,23,Female,IT,Hybrid,9.87,59,Yes,8.41,High,7.4,4.23
1729,23,Male,Engineering,No,4.69,42,No,7.09,Low,8.9,2.68
1785,23,Female,Sales,Hybrid,4.95,50,Yes,4.42,Low,6.7,3.29
1913,25,Female,Marketing,Hybrid,3.71,40,Yes,7.02,Low,5.5,8.46
2075,26,Male,Sales,No,8.91,31,Yes,1.7,High,4.4,8.38
2161,24,Male,Sales,Yes,3.02,44,No,8.44,Low,6.1,1.18
2331,26,Male,Sales,Hybrid,9.13,31,No,7.16,High,6.3,3.41
2341,27,Female,Support,No,8.61,33,No,5.11,High,7.3,3.88
2362,23,Male,Marketing,Yes,8.05,39,Yes,5.85,High,7.0,4.44
2486,23,Male,Support,No,6.46,35,Yes,6.81,Medium,7.0,9.02
2633,26,Female,Sales,Yes,9.91,33,No,7.26,High,8.1,9.54
2634,22,Female,Engineering,No,8.43,33,Yes,5.1,High,4.8,3.76
2752,22,Male,Sales,No,4.32,55,Yes,9.92,Low,4.8,3.33
2776,23,Female,Support,Hybrid,6.99,41,Yes,9.09,Medium,4.4,2.56
2783,26,Male,Marketing,Hybrid,5.81,49,No,7.14,Medium,7.9,1.29
2799,25,Male,Marketing,Yes,6.98,59,Yes,8.86,Medium,5.9,4.42
2906,26,Female,IT,Hybrid,5.33,43,No,4.65,Medium,4.8,3.1
2994,24,Female,IT,Hybrid,4.58,31,No,7.54,Low,7.6,5.35
3004,23,Male,IT,Hybrid,4.62,44,Yes,8.93,Low,7.2,9.7
3029,25,Female,Support,No,2.95,44,No,8.32,Low,5.9,3.15
3178,23,Male,Engineering,Hybrid,8.08,46,Yes,6.11,High,8.2,4.3
3190,23,Male,Sales,No,6.25,45,Yes,4.38,Medium,7.8,6.35
3258,26,Male,Engineering,Yes,4.86,37,Yes,7.35,Low,4.5,7.5
3288,25,Female,HR,No,3.01,50,No,5.05,Low,8.2,3.89
3308,24,Male,Engineering,Yes,2.5,34,No,4.75,Low,7.8,5.25
3350,24,Female,Engineering,No,6.03,30,Yes,8.64,Medium,6.1,9.96
3443,27,Male,HR,Yes,4.91,49,Yes,3.27,Low,8.4,8.15
3518,25,Female,Sales,Yes,5.28,48,No,1.83,Medium,4.3,2.24
3703,25,Male,Marketing,Hybrid,1.63,53,Yes,1.26,Low,6.6,1.69
3798,23,Male,HR,No,2.52,49,Yes,1.7,Low,7.0,1.11
3862,22,Male,Engineering,Hybrid,8.55,31,No,9.61,High,8.6,4.89
3868,24,Male,Support,Hybrid,9.1,48,No,9.42,High,8.7,2.63
3891,25,Male,Support,Hybrid,7.31,52,Yes,2.3,Medium,5.4,9.38
3892,26,Male,Sales,Yes,4.76,37,Yes,8.78,Low,8.0,5.66
3972,26,Female,HR,Yes,3.84,53,No,9.47,Low,4.0,7.59
3998,22,Female,Marketing,No,2.19,38,No,3.03,Low,7.6,2.32
1028,24,Female,Engineering,Yes,1.64,55,Yes,4.41,Low,5.3,6.62
1105,24,Female,Marketing,Hybrid,8.53,44,Yes,3.05,High,7.7,8.17
1144,27,Female,Support,Hybrid,4.99,48,No,7.04,Low,5.6,3.28
1160,23,Male,Engineering,Yes,2.52,52,No,8.67,Low,8.1,9.23
1179,26,Female,Engineering,No,7.56,52,No,5.29,Medium,7.5,3.08
1336,26,Male,Support,No,4.13,37,Yes,8.21,Low,6.8,1.41
1355,22,Male,Support,Hybrid,2.22,35,Yes,7.94,Low,8.2,3.41
1356,22,Female,Engineering,Yes,6.9,48,No,2.15,Medium,4.6,4.06
1360,22,Male,Marketing,Hybrid,9.21,40,No,1.2,High,5.7,3.29
1665,26,Male,Sales,Hybrid,6.6,48,No,6.76,Medium,5.2,5.03
1667,25,Male,Sales,Hybrid,2.97,50,Yes,6.58,Low,5.6,1.83
1808,22,Female,Engineering,No,3.54,50,No,4.72,Low,8.9,9.93
1898,23,Male,Support,Yes,5.59,42,No,2.44,Medium,5.1,7.38
1994,22,Female,Engineering,Yes,5.75,56,No,2.38,Medium,6.9,1.6
2070,23,Male,Support,No,9.11,56,No,6.7,High,8.1,1.94
2093,23,Male,IT,Yes,6.88,47,Yes,3.5,Medium,4.6,1.46
2120,27,Female,Sales,Yes,7.29,43,No,8.1,Medium,4.6,6.45
2153,23,Female,HR,Hybrid,7.75,41,Yes,3.64,Medium,7.8,6.05
2249,26,Female,Sales,Yes,4.24,36,No,6.43,Low,5.9,6.84
2301,25,Male,Marketing,Hybrid,4.48,54,Yes,9.61,Low,8.7,4.75
2327,27,Male,Support,Yes,6.91,39,No,4.27,Medium,7.3,2.21
2336,24,Female,IT,No,7.2,43,No,6.64,Medium,5.5,1.63
2599,23,Female,HR,Yes,3.43,54,No,4.07,Low,5.4,6.22
2626,27,Male,Engineering,Yes,3.51,49,Yes,7.94,Low,7.5,5.35
2666,23,Female,HR,Hybrid,7.06,42,Yes,3.76,Medium,6.3,9.82
2723,23,Female,Support,No,4.88,34,Yes,3.98,Low,7.3,7.06
2724,27,Female,Marketing,No,9.39,43,Yes,9.33,High,6.3,1.68
2979,27,Male,Marketing,Yes,2.92,49,Yes,9.28,Low,4.1,3.73
2993,27,Male,Sales,Hybrid,3.49,44,Yes,2.15,Low,8.5,1.65
3022,27,Male,Sales,Hybrid,8.3,43,No,2.9,High,5.7,2.4
3140,26,Male,IT,No,1.81,37,Yes,5.0,Low,6.8,1.22
3149,22,Male,Support,No,1.09,46,No,7.16,Low,8.9,9.1
3164,26,Male,Marketing,Yes,7.74,50,Yes,7.21,Medium,5.4,3.86
3180,24,Female,Marketing,No,5.38,59,No,2.84,Medium,7.3,8.83
3342,27,Female,Sales,No,4.31,38,No,9.53,Low,4.7,4.89
3364,26,Female,Marketing,No,9.01,40,Yes,8.29,High,5.9,8.28
3373,27,Male,Sales,Yes,5.2,45,Yes,3.31,Medium,7.1,5.42
3466,25,Male,Engineering,No,4.79,44,Yes,6.9,Low,8.8,6.87
3479,24,Male,IT,Hybrid,1.08,47,Yes,9.32,Low,6.6,5.24
3527,22,Male,Support,Hybrid,1.94,42,No,9.71,Low,7.4,5.71
3679,25,Female,Support,Hybrid,4.34,48,No,3.47,Low,5.2,5.2
3699,25,Male,Sales,Yes,1.46,58,No,6.48,Low,7.0,4.09
3760,26,Female,HR,No,6.35,58,No,8.33,Medium,5.5,1.86
3786,23,Male,Sales,Hybrid,5.94,48,Yes,5.51,Medium,4.1,2.78
3898,24,Male,Engineering,Hybrid,5.28,58,Yes,2.9,Medium,7.1,4.01
3944,27,Female,IT,Yes,1.77,41,Yes,4.97,Low,8.3,3.88
3985,23,Male,HR,Yes,2.21,39,Yes,1.31,Low,7.5,2.56
1167,22,Female,Marketing,Yes,7.24,39,Yes,2.5,Medium,4.9,9.72
1169,23,Female,Sales,Yes,4.73,37,No,5.99,Low,8.2,3.96
1172,27,Male,IT,Yes,4.25,53,Yes,8.6,Low,5.2,6.62
1181,27,Male,IT,Hybrid,8.05,31,No,2.86,High,5.8,6.6
1202,22,Male,Engineering,Hybrid,5.53,55,No,3.59,Medium,8.5,3.43
1214,22,Male,Support,No,5.81,39,Yes,2.99,Medium,7.7,9.26
1315,22,Male,Support,Hybrid,9.04,37,Yes,5.68,High,6.8,6.54
1374,26,Male,Support,Hybrid,4.18,51,Yes,6.47,Low,7.7,2.94
1376,26,Female,Sales,Yes,3.83,42,No,3.85,Low,7.4,7.64
1476,26,Female,HR,Yes,2.46,59,Yes,4.44,Low,4.4,1.74
1551,24,Female,Support,Hybrid,5.36,55,No,3.67,Medium,4.0,7.78
1592,22,Male,HR,Yes,3.96,55,No,7.02,Low,4.6,1.14
1607,27,Male,Engineering,Hybrid,2.47,47,No,2.83,Low,7.9,9.98
1686,25,Male,Sales,Hybrid,4.25,59,Yes,6.0,Low,8.6,5.23
1791,27,Female,Engineering,Yes,9.28,43,No,1.08,High,8.2,2.04
1816,24,Male,Engineering,Yes,7.93,57,No,1.36,Medium,4.7,4.05
1940,26,Female,HR,Yes,1.63,45,Yes,1.22,Low,5.3,2.42
1969,23,Male,Support,No,6.72,42,No,4.89,Medium,6.0,8.89
2037,24,Female,Support,No,6.47,52,No,4.82,Medium,4.1,1.49
2259,22,Male,HR,Hybrid,4.59,49,Yes,5.13,Low,4.3,9.42
2264,25,Male,HR,No,1.78,52,No,6.51,Low,7.0,5.82
2275,25,Male,Support,Yes,4.25,31,No,2.12,Low,4.2,9.29
2317,26,Female,IT,Hybrid,1.67,56,Yes,8.36,Low,6.6,3.36
2353,26,Male,Marketing,Hybrid,1.9,34,Yes,7.23,Low,6.4,7.38
2576,24,Female,IT,Hybrid,1.31,44,No,4.7,Low,6.6,1.54
2620,26,Male,IT,No,9.16,47,Yes,2.33,High,6.6,2.97
2641,24,Female,IT,No,9.86,33,Yes,6.46,High,7.9,7.24
2649,22,Female,Engineering,Yes,4.66,39,Yes,2.8,Low,8.2,4.26
2736,25,Male,Engineering,No,8.1,30,No,2.49,High,8.0,4.35
2777,27,Male,Support,No,2.63,39,No,9.87,Low,4.9,1.07
2816,23,Male,Support,Yes,5.41,45,No,8.36,Medium,5.0,1.07
2881,23,Female,IT,Yes,2.44,46,No,8.47,Low,7.2,7.19
3046,23,Male,Engineering,No,8.97,49,No,6.77,High,7.7,5.13
3097,26,Female,Marketing,Hybrid,3.81,55,No,8.9,Low,4.1,5.56
3301,25,Female,Engineering,Yes,6.37,35,Yes,4.85,Medium,5.7,8.55
3370,22,Female,Support,Hybrid,7.27,41,No,4.15,Medium,6.2,7.2
3401,25,Female,Engineering,Hybrid,6.59,55,No,4.43,Medium,6.1,7.07
3442,27,Female,HR,Hybrid,4.57,51,Yes,1.46,Low,8.7,6.78
3561,24,Female,Support,No,4.84,34,No,3.03,Low,7.3,9.38
3662,23,Male,Marketing,Yes,2.5,49,Yes,6.27,Low,7.1,3.45
3706,24,Male,Marketing,No,8.45,55,No,6.69,High,6.5,3.06
3708,23,Male,Marketing,Yes,2.76,54,Yes,8.42,Low,4.8,2.71
3727,22,Female,IT,No,1.2,36,No,8.23,Low,5.2,8.37
3939,27,Male,IT,Yes,6.21,41,Yes,2.32,Medium,6.6,8.68
3959,25,Female,Marketing,Hybrid,3.26,40,No,3.54,Low,4.6,3.47
EMP0064,22,Female,Healthcare,Onsite,6.0,31,Yes,3.0,Medium,,
EMP0074,23,Male,IT,Hybrid,9.0,53,Yes,3.0,High,,
EMP0084,26,Female,Healthcare,Hybrid,9.0,43,Yes,4.0,High,,
EMP0089,24,Female,Consulting,Remote,9.0,38,Yes,5.0,High,,
EMP0143,23,Female,Manufacturing,Hybrid,9.0,23,No,5.0,High,,
EMP0306,27,Female,Finance,Onsite,9.0,50,Yes,5.0,High,,
EMP0423,26,Male,Education,Hybrid,9.0,24,No,2.0,High,,
EMP0440,22,Male,Retail,Onsite,6.0,47,No,1.0,Medium,,
EMP0530,23,Female,Retail,Onsite,9.0,34,No,3.0,High,,
EMP0550,22,Male,Retail,Onsite,9.0,26,Yes,3.0,High,,
EMP0567,24,Female,Education,Remote,6.0,27,Yes,1.0,Medium,,
EMP0607,27,Male,Retail,Hybrid,3.0,49,Yes,5.0,Low,,
EMP0612,26,Male,IT,Hybrid,6.0,27,No,3.0,Medium,,
EMP0672,22,Male,Retail,Remote,9.0,25,Yes,4.0,High,,
EMP0788,22,Male,Healthcare,Remote,9.0,48,Yes,3.0,High,,
EMP0802,24,Male,Manufacturing,Hybrid,9.0,45,Yes,2.0,High,,
EMP0969,26,Male,Education,Hybrid,3.0,24,Yes,1.0,Low,,
EMP1014,25,Female,Education,Remote,9.0,40,No,1.0,High,,
EMP1020,24,Female,Consulting,Onsite,9.0,40,Yes,4.0,High,,
EMP1030,24,Female,Finance,Hybrid,9.0,44,No,3.0,High,,
EMP1058,27,Male,Retail,Remote,6.0,28,No,4.0,Medium,,
EMP1094,23,Male,Education,Onsite,3.0,25,No,4.0,Low,,
EMP1130,26,Female,Healthcare,Hybrid,9.0,36,No,5.0,High,,
EMP1137,22,Male,Education,Onsite,3.0,56,Yes,5.0,Low,,
EMP1254,23,Male,IT,Hybrid,9.0,20,No,3.0,High,,
EMP1331,24,Male,Education,Remote,3.0,33,No,4.0,Low,,
EMP1347,25,Female,IT,Remote,9.0,54,No,1.0,High,,
EMP1469,24,Female,Retail,Onsite,3.0,47,No,1.0,Low,,
EMP1510,27,Female,Finance,Remote,3.0,39,Yes,3.0,Low,,
EMP1556,25,Female,IT,Onsite,3.0,44,Yes,4.0,Low,,
EMP1577,23,Male,Finance,Remote,3.0,54,Yes,5.0,Low,,
EMP1747,24,Male,Retail,Hybrid,3.0,32,No,5.0,Low,,
EMP1762,24,Female,IT,Remote,6.0,60,No,2.0,Medium,,
EMP1789,25,Male,Consulting,Hybrid,3.0,27,No,1.0,Low,,
EMP1831,27,Female,Finance,Remote,6.0,34,No,3.0,Medium,,
EMP1961,24,Female,Manufacturing,Onsite,6.0,22,Yes,5.0,Medium,,
EMP2037,22,Female,Retail,Remote,6.0,38,No,4.0,Medium,,
EMP2077,23,Male,Manufacturing,Hybrid,3.0,36,No,4.0,Low,,
EMP2132,27,Male,Consulting,Remote,3.0,41,Yes,3.0,Low,,
EMP2207,27,Female,Consulting,Onsite,3.0,53,No,3.0,Low,,
EMP2239,26,Male,Healthcare,Remote,9.0,56,No,3.0,High,,
EMP2241,26,Male,Consulting,Remote,6.0,46,No,2.0,Medium,,
EMP2243,23,Male,Education,Hybrid,6.0,28,No,1.0,Medium,,
EMP2271,24,Male,Healthcare,Onsite,3.0,26,Yes,2.0,Low,,
EMP2380,23,Male,Education,Hybrid,9.0,27,No,2.0,High,,
EMP2622,23,Male,Consulting,Remote,6.0,34,No,4.0,Medium,,
EMP2682,26,Male,Retail,Remote,9.0,43,Yes,1.0,High,,
EMP2727,27,Male,IT,Remote,9.0,53,Yes,4.0,High,,
EMP2753,24,Male,Finance,Remote,3.0,20,Yes,5.0,Low,,
EMP2776,26,Female,Retail,Hybrid,6.0,44,No,2.0,Medium,,
EMP2923,25,Female,Retail,Remote,6.0,21,No,2.0,Medium,,
EMP2935,23,Female,IT,Onsite,6.0,60,No,5.0,Medium,,
EMP3043,24,Male,Manufacturing,Onsite,3.0,35,No,1.0,Low,,
EMP3053,23,Male,Retail,Onsite,6.0,30,Yes,2.0,Medium,,
EMP3139,22,Male,Consulting,Hybrid,9.0,23,No,4.0,High,,
EMP3153,25,Female,Healthcare,Onsite,3.0,40,No,1.0,Low,,
EMP3167,25,Male,Retail,Remote,9.0,53,No,5.0,High,,
EMP3189,22,Male,Retail,Remote,9.0,50,No,1.0,High,,
EMP3215,25,Female,Healthcare,Hybrid,9.0,57,Yes,2.0,High,,
EMP3232,26,Female,Retail,Onsite,9.0,58,No,4.0,High,,
EMP3279,23,Male,Manufacturing,Remote,6.0,45,No,2.0,Medium,,
EMP3303,22,Female,IT,Remote,9.0,49,Yes,1.0,High,,
EMP3537,27,Male,Retail,Hybrid,6.0,50,Yes,5.0,Medium,,
EMP3734,25,Female,Retail,Remote,3.0,43,Yes,4.0,Low,,
EMP3742,25,Female,Retail,Remote,9.0,23,Yes,2.0,High,,
EMP3845,25,Female,Retail,Onsite,9.0,55,No,3.0,High,,
EMP4122,27,Male,Retail,Remote,9.0,45,Yes,4.0,High,,
EMP4125,25,Male,IT,Hybrid,6.0,52,No,2.0,Medium,,
EMP4234,26,Male,Retail,Remote,6.0,55,No,1.0,Medium,,
EMP4243,26,Male,IT,Hybrid,9.0,51,Yes,2.0,High,,
EMP4282,27,Male,Manufacturing,Hybrid,9.0,32,No,4.0,High,,
EMP4423,24,Female,Manufacturing,Hybrid,3.0,47,Yes,5.0,Low,,
EMP4424,25,Female,Retail,Hybrid,9.0,45,No,5.0,High,,
EMP4474,24,Male,Manufacturing,Onsite,6.0,25,Yes,5.0,Medium,,
EMP4476,27,Female,IT,Onsite,6.0,54,No,1.0,Medium,,
EMP4557,25,Male,Consulting,Hybrid,6.0,20,No,1.0,Medium,,
EMP4735,25,Female,Consulting,Onsite,6.0,46,Yes,1.0,Medium,,
EMP4774,24,Female,Finance,Remote,9.0,28,Yes,5.0,High,,
EMP4918,24,Female,Healthcare,Onsite,6.0,24,Yes,3.0,Medium,,
EMP0129,27,Female,Consulting,Onsite,6.0,46,No,4.0,Medium,,
EMP0183,26,Male,Healthcare,Onsite,3.0,56,Yes,2.0,Low,,
EMP0185,24,Female,Manufacturing,Hybrid,6.0,60,No,5.0,Medium,,
EMP0188,23,Female,Consulting,Onsite,9.0,60,No,5.0,High,,
EMP0285,24,Male,Manufacturing,Hybrid,3.0,20,No,2.0,Low,,
EMP0289,23,Male,IT,Hybrid,3.0,39,No,4.0,Low,,
EMP0417,25,Female,Healthcare,Hybrid,9.0,26,No,4.0,High,,
EMP0422,23,Female,Finance,Remote,6.0,37,Yes,1.0,Medium,,
EMP0546,23,Male,IT,Remote,3.0,32,Yes,4.0,Low,,
EMP0702,26,Male,Finance,Remote,9.0,26,No,2.0,High,,
EMP0705,26,Male,IT,Remote,3.0,37,No,2.0,Low,,
EMP0813,25,Male,Consulting,Onsite,6.0,22,Yes,5.0,Medium,,
EMP1031,25,Female,Finance,Remote,6.0,25,Yes,4.0,Medium,,
EMP1047,22,Female,Healthcare,Remote,9.0,29,No,2.0,High,,
EMP1084,25,Male,Healthcare,Onsite,3.0,45,No,3.0,Low,,
EMP1088,24,Female,Manufacturing,Remote,3.0,40,No,1.0,Low,,
EMP1110,26,Male,Education,Hybrid,9.0,23,No,3.0,High,,
EMP1175,24,Male,Healthcare,Remote,6.0,41,No,2.0,Medium,,
EMP1209,24,Female,IT,Hybrid,9.0,23,No,2.0,High,,
EMP1231,23,Male,Healthcare,Onsite,3.0,60,No,3.0,Low,,
EMP1238,26,Male,Retail,Hybrid,9.0,22,Yes,3.0,High,,
EMP1295,25,Female,Healthcare,Remote,3.0,53,No,4.0,Low,,
EMP1389,24,Male,IT,Hybrid,3.0,43,No,5.0,Low,,
EMP1391,25,Female,Healthcare,Onsite,3.0,45,No,3.0,Low,,
EMP1423,22,Female,Healthcare,Remote,9.0,31,No,4.0,High,,
EMP1425,25,Female,Finance,Onsite,3.0,36,Yes,4.0,Low,,
EMP1587,25,Female,Education,Remote,9.0,40,Yes,2.0,High,,
EMP1600,26,Female,IT,Hybrid,3.0,56,No,4.0,Low,,
EMP1709,27,Female,IT,Remote,9.0,40,Yes,5.0,High,,
EMP1723,22,Female,Finance,Remote,6.0,42,No,3.0,Medium,,
EMP1743,26,Male,Retail,Onsite,6.0,46,Yes,4.0,Medium,,
EMP1793,25,Female,IT,Remote,9.0,35,Yes,4.0,High,,
EMP1919,23,Female,Healthcare,Remote,9.0,59,No,1.0,High,,
EMP1931,24,Male,Healthcare,Hybrid,9.0,39,No,2.0,High,,
EMP1964,22,Male,IT,Onsite,9.0,25,Yes,3.0,High,,
EMP2103,23,Female,IT,Remote,9.0,58,No,5.0,High,,
EMP2148,23,Female,Finance,Hybrid,9.0,25,Yes,1.0,High,,
EMP2195,22,Male,Finance,Hybrid,9.0,26,No,2.0,High,,
EMP2202,22,Male,Retail,Hybrid,3.0,60,Yes,1.0,Low,,
EMP2222,25,Female,Education,Onsite,3.0,20,No,4.0,Low,,
EMP2250,27,Male,IT,Onsite,9.0,57,Yes,4.0,High,,
EMP2397,25,Male,IT,Remote,6.0,26,Yes,3.0,Medium,,
EMP2541,23,Male,Manufacturing,Onsite,9.0,25,Yes,1.0,High,,
EMP2548,25,Male,Education,Hybrid,6.0,39,No,2.0,Medium,,
EMP2770,24,Female,Finance,Remote,3.0,35,No,5.0,Low,,
EMP2796,27,Female,Healthcare,Hybrid,6.0,23,Yes,5.0,Medium,,
EMP2894,26,Female,Consulting,Remote,6.0,31,No,3.0,Medium,,
EMP2956,22,Male,Consulting,Remote,9.0,60,No,5.0,High,,
EMP2975,27,Male,IT,Remote,3.0,36,Yes,1.0,Low,,
EMP3178,23,Female,Finance,Hybrid,9.0,25,No,3.0,High,,
EMP3203,26,Female,Manufacturing,Remote,3.0,32,No,5.0,Low,,
EMP3224,24,Male,Healthcare,Onsite,9.0,23,No,2.0,High,,
EMP3455,22,Male,Education,Hybrid,6.0,27,No,1.0,Medium,,
EMP3601,26,Female,IT,Remote,3.0,54,Yes,1.0,Low,,
EMP3628,22,Female,IT,Remote,6.0,24,Yes,1.0,Medium,,
EMP3701,27,Female,Manufacturing,Hybrid,3.0,33,No,4.0,Low,,
EMP3726,26,Male,Consulting,Remote,9.0,54,No,4.0,High,,
EMP3784,24,Male,Manufacturing,Hybrid,3.0,27,Yes,5.0,Low,,
EMP3862,25,Male,IT,Remote,3.0,47,No,3.0,Low,,
EMP3885,27,Female,Finance,Onsite,6.0,20,No,4.0,Medium,,
EMP3978,22,Male,Retail,Hybrid,3.0,33,Yes,3.0,Low,,
EMP4044,24,Male,Consulting,Hybrid,9.0,47,Yes,2.0,High,,
EMP4117,27,Female,Consulting,Hybrid,3.0,51,Yes,1.0,Low,,
EMP4356,26,Male,Education,Onsite,6.0,55,Yes,3.0,Medium,,
EMP4382,27,Male,Finance,Remote,9.0,33,No,4.0,High,,
EMP4480,22,Female,Retail,Hybrid,9.0,60,Yes,4.0,High,,
EMP4521,25,Male,Healthcare,Hybrid,3.0,30,Yes,2.0,Low,,
EMP4658,25,Female,Manufacturing,Hybrid,3.0,21,No,4.0,Low,,
EMP4758,26,Female,IT,Remote,6.0,50,Yes,2.0,Medium,,
EMP4765,25,Male,Retail,Onsite,3.0,21,No,3.0,Low,,
EMP4862,23,Male,IT,Hybrid,3.0,42,No,3.0,Low,,
EMP4865,23,Male,Manufacturing,Hybrid,6.0,56,Yes,1.0,Medium,,
EMP4919,24,Female,Finance,Onsite,6.0,39,No,2.0,Medium,,
EMP4952,23,Male,Finance,Hybrid,6.0,29,No,1.0,Medium,,
EMP0031,22,Female,IT,Onsite,3.0,20,Yes,1.0,Low,,
EMP0039,24,Male,IT,Onsite,3.0,48,Yes,4.0,Low,,
EMP0166,22,Female,Manufacturing,Hybrid,3.0,46,Yes,2.0,Low,,
EMP0216,25,Male,Manufacturing,Remote,6.0,47,No,2.0,Medium,,
EMP0256,27,Male,Education,Hybrid,6.0,32,Yes,3.0,Medium,,
EMP0448,22,Male,Retail,Onsite,6.0,40,No,3.0,Medium,,
EMP0599,26,Female,Finance,Remote,6.0,59,Yes,5.0,Medium,,
EMP0652,26,Male,Retail,Onsite,6.0,45,Yes,2.0,Medium,,
EMP0653,23,Male,Education,Remote,3.0,57,No,1.0,Low,,
EMP0667,22,Female,Retail,Hybrid,9.0,36,Yes,5.0,High,,
EMP0714,24,Female,IT,Remote,9.0,44,No,1.0,High,,
EMP0929,27,Male,Education,Hybrid,3.0,42,No,4.0,Low,,
EMP0934,22,Female,Manufacturing,Remote,6.0,52,No,2.0,Medium,,
EMP0981,26,Male,Healthcare,Onsite,9.0,26,Yes,2.0,High,,
EMP1060,24,Male,Retail,Onsite,9.0,35,Yes,5.0,High,,
EMP1063,23,Male,IT,Hybrid,3.0,45,No,1.0,Low,,
EMP1071,27,Male,Finance,Hybrid,9.0,33,Yes,5.0,High,,
EMP1083,26,Male,Consulting,Remote,6.0,33,Yes,2.0,Medium,,
EMP1178,27,Female,Retail,Remote,9.0,39,Yes,5.0,High,,
EMP1312,23,Female,Healthcare,Remote,3.0,37,Yes,2.0,Low,,
EMP1496,24,Female,IT,Remote,6.0,39,Yes,1.0,Medium,,
EMP1533,22,Female,Consulting,Remote,6.0,47,No,5.0,Medium,,
EMP1734,24,Male,Retail,Onsite,9.0,35,No,1.0,High,,
EMP1748,26,Male,Manufacturing,Hybrid,3.0,56,Yes,5.0,Low,,
EMP1760,24,Female,Consulting,Remote,6.0,44,No,2.0,Medium,,
EMP1772,24,Male,Education,Hybrid,9.0,40,Yes,4.0,High,,
EMP1781,23,Male,Consulting,Remote,3.0,28,Yes,1.0,Low,,
EMP1879,25,Male,Healthcare,Hybrid,6.0,55,No,2.0,Medium,,
EMP1935,27,Female,Retail,Remote,3.0,33,Yes,5.0,Low,,
EMP1962,22,Male,Manufacturing,Onsite,9.0,43,Yes,2.0,High,,
EMP2075,24,Female,Healthcare,Onsite,9.0,50,No,3.0,High,,
EMP2120,26,Male,Finance,Onsite,3.0,55,No,3.0,Low,,
EMP2230,26,Female,Finance,Onsite,6.0,24,Yes,1.0,Medium,,
EMP2249,25,Male,Consulting,Hybrid,3.0,22,Yes,3.0,Low,,
EMP2262,24,Male,IT,Onsite,9.0,39,No,4.0,High,,
EMP2270,23,Female,Education,Remote,6.0,53,Yes,1.0,Medium,,
EMP2367,22,Male,Education,Hybrid,9.0,56,No,3.0,High,,
EMP2430,22,Male,Retail,Remote,6.0,40,No,3.0,Medium,,
EMP2516,27,Female,Healthcare,Hybrid,9.0,58,Yes,3.0,High,,
EMP2555,23,Female,Manufacturing,Onsite,3.0,28,No,2.0,Low,,
EMP2623,27,Male,Education,Remote,9.0,52,Yes,3.0,High,,
EMP2627,25,Male,Retail,Onsite,6.0,60,No,1.0,Medium,,
EMP2640,25,Male,Education,Onsite,6.0,44,No,5.0,Medium,,
EMP2659,22,Female,Manufacturing,Onsite,3.0,40,Yes,4.0,Low,,
EMP2674,25,Female,Finance,Onsite,6.0,54,No,1.0,Medium,,
EMP2772,22,Male,IT,Hybrid,9.0,43,Yes,5.0,High,,
EMP2831,26,Female,Consulting,Onsite,6.0,33,No,4.0,Medium,,
EMP3045,25,Female,Healthcare,Onsite,9.0,53,No,1.0,High,,
EMP3205,23,Male,Manufacturing,Onsite,6.0,43,No,5.0,Medium,,
EMP3398,22,Female,Education,Hybrid,3.0,25,No,2.0,Low,,
EMP3401,23,Female,Manufacturing,Hybrid,6.0,40,Yes,5.0,Medium,,
EMP3460,27,Male,Manufacturing,Onsite,3.0,35,Yes,1.0,Low,,
EMP3470,25,Female,Finance,Remote,3.0,35,No,2.0,Low,,
EMP3483,24,Male,IT,Onsite,6.0,56,Yes,5.0,Medium,,
EMP3573,22,Female,Healthcare,Onsite,9.0,40,No,5.0,High,,
EMP3594,25,Male,IT,Onsite,9.0,49,No,4.0,High,,
EMP3664,27,Female,Education,Onsite,3.0,40,No,5.0,Low,,
EMP3789,24,Male,Education,Hybrid,9.0,23,No,5.0,High,,
EMP3830,22,Male,Manufacturing,Remote,3.0,53,No,4.0,Low,,
EMP3840,25,Female,IT,Hybrid,6.0,32,No,2.0,Medium,,
EMP3932,23,Male,Healthcare,Remote,3.0,54,Yes,5.0,Low,,
EMP3934,27,Female,Healthcare,Remote,6.0,23,No,2.0,Medium,,
EMP3973,27,Male,Finance,Remote,9.0,60,No,2.0,High,,
EMP3995,25,Male,IT,Remote,9.0,41,Yes,1.0,High,,
EMP4010,23,Female,Healthcare,Remote,3.0,45,Yes,1.0,Low,,
EMP4056,23,Male,Healthcare,Hybrid,9.0,47,Yes,4.0,High,,
EMP4093,25,Female,Education,Hybrid,9.0,52,No,5.0,High,,
EMP4148,27,Male,Healthcare,Onsite,3.0,59,No,3.0,Low,,
EMP4399,26,Female,IT,Hybrid,9.0,21,No,5.0,High,,
EMP4442,26,Male,IT,Hybrid,3.0,56,Yes,3.0,Low,,
EMP4536,24,Male,Education,Hybrid,3.0,57,Yes,2.0,Low,,
EMP4643,25,Male,Consulting,Onsite,3.0,32,Yes,3.0,Low,,
EMP4648,25,Female,Manufacturing,Remote,3.0,57,No,4.0,Low,,
EMP4756,25,Female,Manufacturing,Remote,3.0,26,Yes,2.0,Low,,
EMP4855,24,Male,Manufacturing,Remote,6.0,59,Yes,1.0,Medium,,
EMP4860,23,Female,Manufacturing,Remote,3.0,27,No,4.0,Low,,
EMP4938,22,Female,Healthcare,Onsite,3.0,22,Yes,5.0,Low,,
EMP4959,27,Female,IT,Hybrid,9.0,25,No,2.0,High,,
EMP0051,26,Male,Manufacturing,Onsite,9.0,28,Yes,4.0,High,,
EMP0055,26,Female,Education,Hybrid,6.0,55,Yes,1.0,Medium,,
EMP0130,22,Female,Retail,Hybrid,3.0,35,Yes,3.0,Low,,
EMP0613,25,Male,Consulting,Remote,6.0,54,No,4.0,Medium,,
EMP0789,25,Male,Healthcare,Onsite,6.0,38,Yes,2.0,Medium,,
EMP0790,26,Female,Finance,Onsite,3.0,26,Yes,5.0,Low,,
EMP0826,24,Female,Retail,Remote,3.0,58,No,5.0,Low,,
EMP0911,22,Female,IT,Hybrid,3.0,21,Yes,5.0,Low,,
EMP0970,25,Female,Healthcare,Hybrid,9.0,37,Yes,3.0,High,,
EMP1011,24,Male,IT,Remote,6.0,54,Yes,5.0,Medium,,
EMP1037,22,Male,Education,Onsite,3.0,30,Yes,5.0,Low,,
EMP1134,27,Male,Education,Onsite,9.0,24,Yes,5.0,High,,
EMP1135,23,Female,Retail,Hybrid,9.0,47,Yes,4.0,High,,
EMP1143,22,Female,Consulting,Onsite,6.0,52,Yes,3.0,Medium,,
EMP1223,27,Female,Education,Onsite,6.0,50,No,2.0,Medium,,
EMP1437,27,Male,Education,Onsite,6.0,46,No,4.0,Medium,,
EMP1451,23,Female,Finance,Onsite,6.0,27,No,3.0,Medium,,
EMP1560,25,Female,Finance,Hybrid,6.0,26,No,4.0,Medium,,
EMP1767,23,Female,Finance,Hybrid,3.0,27,No,1.0,Low,,
EMP1808,22,Female,Healthcare,Remote,9.0,26,No,4.0,High,,
EMP1847,26,Female,Consulting,Remote,9.0,52,Yes,2.0,High,,
EMP1934,25,Male,Finance,Hybrid,6.0,47,Yes,3.0,Medium,,
EMP1951,24,Female,Manufacturing,Remote,3.0,34,No,1.0,Low,,
EMP2038,22,Female,Consulting,Remote,6.0,58,Yes,1.0,Medium,,
EMP2066,23,Male,Consulting,Remote,9.0,59,No,4.0,High,,
EMP2079,27,Female,Finance,Onsite,6.0,32,Yes,2.0,Medium,,
EMP2140,25,Female,Manufacturing,Onsite,6.0,46,Yes,5.0,Medium,,
EMP2161,27,Female,Manufacturing,Remote,9.0,31,No,3.0,High,,
EMP2268,27,Female,Retail,Onsite,3.0,44,No,2.0,Low,,
EMP2345,24,Female,Consulting,Hybrid,6.0,53,Yes,2.0,Medium,,
EMP2456,22,Male,Manufacturing,Onsite,9.0,22,Yes,2.0,High,,
EMP2484,24,Female,Finance,Hybrid,3.0,20,Yes,1.0,Low,,
EMP2553,24,Male,Manufacturing,Remote,9.0,27,Yes,5.0,High,,
EMP2730,25,Male,Manufacturing,Hybrid,6.0,25,Yes,1.0,Medium,,
EMP2746,25,Female,Retail,Hybrid,6.0,23,Yes,3.0,Medium,,
EMP3044,27,Male,Manufacturing,Onsite,9.0,24,Yes,1.0,High,,
EMP3087,27,Female,Finance,Hybrid,3.0,50,No,5.0,Low,,
EMP3107,26,Male,Consulting,Hybrid,6.0,55,Yes,4.0,Medium,,
EMP3319,22,Male,Finance,Hybrid,3.0,55,No,4.0,Low,,
EMP3330,22,Female,Consulting,Remote,3.0,29,Yes,1.0,Low,,
EMP3385,27,Male,Retail,Hybrid,6.0,43,No,2.0,Medium,,
EMP3429,22,Male,Education,Remote,9.0,22,No,4.0,High,,
EMP3442,23,Female,Education,Onsite,6.0,59,Yes,5.0,Medium,,
EMP3481,26,Female,Retail,Remote,3.0,49,Yes,2.0,Low,,
EMP3578,25,Female,Finance,Hybrid,9.0,47,No,5.0,High,,
EMP3592,22,Female,Consulting,Remote,9.0,42,Yes,3.0,High,,
EMP3823,27,Female,Finance,Remote,9.0,33,Yes,4.0,High,,
EMP3903,25,Female,Manufacturing,Onsite,3.0,53,Yes,4.0,Low,,
EMP3940,27,Female,IT,Hybrid,9.0,23,No,3.0,High,,
EMP3959,24,Female,Consulting,Hybrid,6.0,23,Yes,3.0,Medium,,
EMP3976,27,Male,Healthcare,Remote,3.0,46,No,2.0,Low,,
EMP4020,24,Male,Education,Onsite,3.0,54,No,4.0,Low,,
EMP4029,26,Male,IT,Onsite,6.0,27,No,3.0,Medium,,
EMP4182,26,Female,Healthcare,Onsite,6.0,58,No,4.0,Medium,,
EMP4297,23,Female,Education,Remote,3.0,39,Yes,1.0,Low,,
EMP4302,22,Female,Retail,Remote,3.0,28,Yes,4.0,Low,,
EMP4334,22,Female,Education,Hybrid,3.0,29,Yes,4.0,Low,,
EMP4430,23,Female,Finance,Hybrid,9.0,51,Yes,1.0,High,,
EMP4577,25,Male,Finance,Remote,3.0,45,No,1.0,Low,,
EMP4590,26,Female,IT,Onsite,3.0,36,No,4.0,Low,,
EMP4613,23,Female,Manufacturing,Remote,6.0,50,Yes,5.0,Medium,,
EMP4684,27,Female,Finance,Onsite,3.0,41,No,5.0,Low,,
EMP4715,24,Male,Finance,Hybrid,9.0,52,Yes,4.0,High,,
EMP4721,26,Female,Consulting,Remote,3.0,24,No,3.0,Low,,
EMP4729,24,Female,Healthcare,Hybrid,6.0,34,Yes,3.0,Medium,,
EMP4773,22,Female,Manufacturing,Hybrid,6.0,48,No,1.0,Medium,,
EMP4777,24,Female,Finance,Hybrid,3.0,39,No,3.0,Low,,
EMP4804,27,Female,Retail,Hybrid,9.0,21,Yes,4.0,High,,
EMP4878,22,Male,Healthcare,Remote,9.0,55,No,5.0,High,,
EMP4955,26,Female,IT,Remote,3.0,30,No,2.0,Low,,
EMP0004,27,Male,Finance,Onsite,9.0,32,Yes,4.0,High,,
EMP0049,22,Female,Healthcare,Onsite,3.0,29,No,4.0,Low,,
EMP0070,25,Female,Finance,Remote,3.0,28,No,2.0,Low,,
EMP0134,26,Male,Manufacturing,Hybrid,3.0,29,Yes,1.0,Low,,
EMP0284,23,Male,Healthcare,Remote,9.0,28,Yes,5.0,High,,
EMP0298,22,Male,Healthcare,Remote,6.0,35,No,5.0,Medium,,
EMP0308,23,Male,Consulting,Onsite,6.0,31,Yes,4.0,Medium,,
EMP0347,23,Male,Education,Remote,6.0,40,Yes,1.0,Medium,,
EMP0427,23,Female,Finance,Remote,3.0,31,Yes,2.0,Low,,
EMP0444,27,Female,Retail,Hybrid,9.0,27,No,5.0,High,,
EMP0445,25,Female,Retail,Remote,3.0,22,No,3.0,Low,,
EMP0483,23,Male,Education,Remote,6.0,20,Yes,3.0,Medium,,
EMP0493,24,Female,Education,Onsite,6.0,38,Yes,1.0,Medium,,
EMP0623,25,Female,IT,Hybrid,6.0,22,No,5.0,Medium,,
EMP0657,27,Female,Education,Hybrid,6.0,46,No,1.0,Medium,,
EMP0736,24,Male,Manufacturing,Remote,3.0,32,Yes,5.0,Low,,
EMP0750,22,Male,IT,Onsite,3.0,51,No,4.0,Low,,
EMP0787,22,Female,Healthcare,Hybrid,6.0,46,No,4.0,Medium,,
EMP0795,25,Female,Education,Onsite,3.0,48,Yes,5.0,Low,,
EMP0833,24,Male,IT,Remote,9.0,52,Yes,2.0,High,,
EMP0845,27,Female,Healthcare,Onsite,9.0,36,Yes,1.0,High,,
EMP0985,25,Male,IT,Hybrid,6.0,60,Yes,4.0,Medium,,
EMP1036,26,Male,Consulting,Hybrid,3.0,32,Yes,4.0,Low,,
EMP1054,24,Female,IT,Hybrid,9.0,29,Yes,2.0,High,,
EMP1087,25,Male,IT,Onsite,3.0,43,No,4.0,Low,,
EMP1179,23,Male,IT,Onsite,9.0,33,No,4.0,High,,
EMP1271,27,Male,Consulting,Remote,9.0,49,No,4.0,High,,
EMP1291,25,Female,Healthcare,Hybrid,3.0,32,No,2.0,Low,,
EMP1323,24,Female,Healthcare,Remote,6.0,43,Yes,5.0,Medium,,
EMP1359,27,Female,Retail,Hybrid,3.0,32,Yes,5.0,Low,,
EMP1401,26,Female,Healthcare,Remote,6.0,39,No,5.0,Medium,,
EMP1489,23,Female,IT,Hybrid,6.0,33,No,1.0,Medium,,
EMP1522,22,Female,IT,Onsite,6.0,35,Yes,1.0,Medium,,
EMP1615,22,Male,Healthcare,Onsite,9.0,41,Yes,4.0,High,,
EMP1618,24,Male,Finance,Hybrid,9.0,26,Yes,4.0,High,,
EMP1744,25,Male,Finance,Onsite,3.0,29,Yes,3.0,Low,,
EMP1761,24,Female,Manufacturing,Hybrid,3.0,53,No,4.0,Low,,
EMP1901,27,Female,Consulting,Hybrid,6.0,30,Yes,4.0,Medium,,
EMP1973,26,Female,Education,Onsite,3.0,55,No,1.0,Low,,
EMP2046,25,Male,Education,Hybrid,6.0,28,No,3.0,Medium,,
EMP2084,24,Female,Finance,Hybrid,3.0,27,Yes,1.0,Low,,
EMP2133,26,Male,IT,Hybrid,6.0,55,Yes,2.0,Medium,,
EMP2136,22,Female,IT,Hybrid,9.0,23,Yes,3.0,High,,
EMP2142,25,Female,Manufacturing,Remote,6.0,22,No,1.0,Medium,,
EMP2403,24,Male,Education,Onsite,3.0,33,No,2.0,Low,,
EMP2408,24,Male,Education,Remote,9.0,42,Yes,3.0,High,,
EMP2426,24,Male,Healthcare,Onsite,6.0,53,Yes,3.0,Medium,,
EMP2445,22,Female,Healthcare,Hybrid,6.0,25,No,4.0,Medium,,
EMP2599,26,Male,Education,Onsite,6.0,51,Yes,4.0,Medium,,
EMP2607,27,Male,Retail,Onsite,6.0,47,No,5.0,Medium,,
EMP2620,25,Male,Manufacturing,Onsite,6.0,40,No,1.0,Medium,,
EMP2709,27,Female,Healthcare,Hybrid,9.0,37,Yes,3.0,High,,
EMP2726,27,Female,Healthcare,Remote,3.0,42,Yes,5.0,Low,,
EMP2729,27,Male,Retail,Onsite,3.0,42,Yes,1.0,Low,,
EMP2768,23,Male,Education,Remote,9.0,32,No,5.0,High,,
EMP2781,24,Female,IT,Remote,9.0,59,Yes,1.0,High,,
EMP2791,27,Male,Retail,Hybrid,6.0,40,Yes,1.0,Medium,,
EMP2814,22,Male,IT,Remote,6.0,20,Yes,1.0,Medium,,
EMP2845,25,Male,IT,Onsite,6.0,28,No,2.0,Medium,,
EMP2871,27,Female,Retail,Onsite,6.0,45,Yes,2.0,Medium,,
EMP2930,26,Male,Retail,Onsite,6.0,55,No,5.0,Medium,,
EMP2979,23,Male,Manufacturing,Onsite,6.0,38,No,5.0,Medium,,
EMP2999,26,Male,Consulting,Onsite,9.0,42,No,4.0,High,,
EMP3001,23,Male,Finance,Hybrid,9.0,28,Yes,1.0,High,,
EMP3012,22,Male,Healthcare,Remote,3.0,39,No,4.0,Low,,
EMP3156,22,Female,IT,Onsite,3.0,41,No,5.0,Low,,
EMP3162,23,Female,Education,Hybrid,3.0,49,Yes,2.0,Low,,
EMP3165,25,Male,Education,Onsite,9.0,57,Yes,2.0,High,,
EMP3177,23,Female,Retail,Onsite,9.0,60,No,5.0,High,,
EMP3226,22,Female,Healthcare,Remote,6.0,39,Yes,3.0,Medium,,
EMP3310,23,Female,Healthcare,Hybrid,3.0,38,No,4.0,Low,,
EMP3406,22,Female,Retail,Hybrid,9.0,36,No,3.0,High,,
EMP3432,25,Male,Retail,Hybrid,3.0,38,Yes,4.0,Low,,
EMP3435,25,Female,Consulting,Onsite,9.0,39,Yes,3.0,High,,
EMP3528,26,Female,Consulting,Hybrid,3.0,38,Yes,3.0,Low,,
EMP3626,24,Female,Education,Hybrid,6.0,33,No,3.0,Medium,,
EMP3692,27,Female,Finance,Remote,3.0,32,Yes,1.0,Low,,
EMP3704,23,Female,Retail,Onsite,3.0,42,No,4.0,Low,,
EMP3744,27,Male,Consulting,Remote,9.0,58,Yes,4.0,High,,
EMP3872,23,Male,Healthcare,Remote,9.0,55,No,4.0,High,,
EMP3889,24,Male,Manufacturing,Hybrid,6.0,25,No,4.0,Medium,,
EMP3971,27,Male,Consulting,Hybrid,3.0,37,No,1.0,Low,,
EMP4019,23,Male,Consulting,Remote,3.0,36,No,5.0,Low,,
EMP4108,27,Male,Healthcare,Onsite,3.0,60,Yes,2.0,Low,,
EMP4154,22,Female,Retail,Onsite,3.0,22,No,3.0,Low,,
EMP4158,22,Female,Healthcare,Onsite,6.0,51,Yes,1.0,Medium,,
EMP4256,27,Male,Education,Onsite,6.0,22,Yes,5.0,Medium,,
EMP4259,24,Female,Finance,Onsite,3.0,42,No,3.0,Low,,
EMP4276,25,Male,Retail,Hybrid,3.0,56,No,5.0,Low,,
EMP4325,22,Male,Consulting,Onsite,3.0,37,Yes,2.0,Low,,
EMP4328,23,Male,Education,Hybrid,9.0,20,No,4.0,High,,
EMP4373,23,Male,Manufacturing,Hybrid,9.0,44,Yes,2.0,High,,
EMP4407,24,Female,Finance,Remote,9.0,28,No,4.0,High,,
EMP4491,27,Female,Consulting,Remote,6.0,22,No,4.0,Medium,,
EMP4597,26,Male,Education,Onsite,9.0,24,Yes,1.0,High,,
EMP4602,26,Male,Healthcare,Hybrid,3.0,41,Yes,1.0,Low,,
EMP4630,25,Male,Manufacturing,Onsite,3.0,29,Yes,4.0,Low,,
EMP4787,26,Female,Education,Hybrid,6.0,31,No,2.0,Medium,,
EMP4885,23,Male,Finance,Remote,3.0,29,Yes,3.0,Low,,
EMP4915,23,Female,Healthcare,Onsite,6.0,31,No,3.0,Medium,,
EMP4939,23,Male,Education,Remote,6.0,43,Yes,1.0,Medium,,
EMP0061,25,Male,Consulting,Hybrid,6.0,33,Yes,4.0,Medium,,
EMP0092,22,Female,Manufacturing,Onsite,9.0,60,No,1.0,High,,
EMP0164,24,Male,Manufacturing,Hybrid,6.0,53,No,1.0,Medium,,
EMP0174,25,Female,Manufacturing,Remote,9.0,36,Yes,2.0,High,,
EMP0424,27,Female,Consulting,Hybrid,6.0,53,Yes,5.0,Medium,,
EMP0485,24,Female,Consulting,Remote,3.0,33,No,1.0,Low,,
EMP0526,25,Male,Finance,Remote,3.0,24,Yes,2.0,Low,,
EMP0551,24,Female,Manufacturing,Onsite,9.0,58,Yes,2.0,High,,
EMP0569,22,Male,Retail,Hybrid,9.0,23,Yes,5.0,High,,
EMP0627,23,Male,Finance,Onsite,6.0,47,Yes,2.0,Medium,,
EMP0656,23,Male,Education,Remote,9.0,25,Yes,5.0,High,,
EMP0746,26,Male,Healthcare,Remote,6.0,28,No,4.0,Medium,,
EMP0761,22,Female,IT,Onsite,9.0,59,Yes,2.0,High,,
EMP0858,27,Male,Manufacturing,Hybrid,3.0,60,No,1.0,Low,,
EMP0997,23,Female,Healthcare,Onsite,3.0,21,No,3.0,Low,,
EMP1025,24,Female,Retail,Hybrid,6.0,34,No,4.0,Medium,,
EMP1100,27,Female,Manufacturing,Remote,9.0,57,Yes,3.0,High,,
EMP1211,22,Female,Education,Onsite,6.0,45,No,5.0,Medium,,
EMP1351,26,Female,Manufacturing,Onsite,3.0,26,No,1.0,Low,,
EMP1399,27,Male,IT,Hybrid,3.0,21,No,2.0,Low,,
EMP1455,27,Female,Consulting,Onsite,3.0,50,No,2.0,Low,,
EMP1561,26,Female,Retail,Onsite,3.0,32,Yes,3.0,Low,,
EMP1694,23,Female,Manufacturing,Onsite,3.0,38,No,5.0,Low,,
EMP1707,27,Female,IT,Hybrid,9.0,52,Yes,4.0,High,,
EMP1882,26,Male,Manufacturing,Remote,9.0,41,No,3.0,High,,
EMP2005,24,Female,Manufacturing,Remote,6.0,33,No,4.0,Medium,,
EMP2014,22,Female,Education,Remote,3.0,53,Yes,5.0,Low,,
EMP2030,24,Male,Consulting,Onsite,3.0,22,Yes,1.0,Low,,
EMP2127,23,Female,Education,Hybrid,6.0,28,No,5.0,Medium,,
EMP2135,26,Female,Healthcare,Hybrid,6.0,21,No,4.0,Medium,,
EMP2284,25,Female,Education,Onsite,6.0,49,No,3.0,Medium,,
EMP2298,22,Male,Finance,Hybrid,9.0,32,No,4.0,High,,
EMP2308,24,Female,Finance,Hybrid,6.0,29,Yes,5.0,Medium,,
EMP2349,25,Female,Retail,Onsite,3.0,51,No,5.0,Low,,
EMP2353,22,Female,Retail,Hybrid,3.0,58,No,2.0,Low,,
EMP2361,24,Male,Consulting,Remote,3.0,40,No,5.0,Low,,
EMP2427,27,Male,Manufacturing,Onsite,6.0,43,Yes,3.0,Medium,,
EMP2429,27,Female,Healthcare,Remote,9.0,43,Yes,4.0,High,,
EMP2440,26,Male,Finance,Onsite,3.0,32,No,5.0,Low,,
EMP2510,24,Male,Retail,Onsite,9.0,43,No,1.0,High,,
EMP2526,25,Female,Finance,Remote,3.0,21,Yes,3.0,Low,,
EMP2527,27,Male,Manufacturing,Onsite,9.0,22,Yes,3.0,High,,
EMP2557,23,Female,IT,Onsite,9.0,39,Yes,4.0,High,,
EMP2559,27,Female,Finance,Onsite,6.0,34,Yes,1.0,Medium,,
EMP2637,24,Male,Retail,Hybrid,9.0,36,Yes,4.0,High,,
EMP2677,26,Male,Retail,Remote,6.0,22,No,3.0,Medium,,
EMP2719,22,Female,Manufacturing,Remote,3.0,20,Yes,4.0,Low,,
EMP2778,23,Male,Consulting,Onsite,3.0,53,No,3.0,Low,,
EMP2801,23,Male,Consulting,Onsite,3.0,36,No,2.0,Low,,
EMP2887,27,Male,Healthcare,Onsite,3.0,59,Yes,2.0,Low,,
EMP3021,24,Male,Consulting,Remote,6.0,21,No,3.0,Medium,,
EMP3109,27,Male,Healthcare,Onsite,3.0,32,No,3.0,Low,,
EMP3114,22,Male,Manufacturing,Hybrid,3.0,46,No,2.0,Low,,
EMP3209,25,Female,Finance,Remote,9.0,29,No,1.0,High,,
EMP3313,22,Male,Manufacturing,Onsite,9.0,36,Yes,5.0,High,,
EMP3350,22,Male,Finance,Onsite,9.0,33,Yes,2.0,High,,
EMP3405,27,Male,Education,Onsite,3.0,42,No,3.0,Low,,
EMP3438,23,Female,Education,Onsite,9.0,36,Yes,2.0,High,,
EMP3632,23,Female,Manufacturing,Onsite,3.0,29,Yes,4.0,Low,,
EMP3652,26,Female,IT,Hybrid,6.0,21,Yes,2.0,Medium,,
EMP3719,24,Male,Education,Hybrid,6.0,38,Yes,4.0,Medium,,
EMP3788,23,Male,Retail,Onsite,6.0,21,No,3.0,Medium,,
EMP3928,23,Female,Manufacturing,Hybrid,3.0,28,No,2.0,Low,,
EMP4178,23,Male,Education,Onsite,9.0,22,No,3.0,High,,
EMP4258,24,Male,Finance,Onsite,3.0,30,Yes,5.0,Low,,
EMP4265,26,Female,Finance,Onsite,3.0,50,No,4.0,Low,,
EMP4305,25,Female,IT,Onsite,6.0,54,No,5.0,Medium,,
EMP4317,25,Female,Healthcare,Remote,3.0,36,No,5.0,Low,,
EMP4365,26,Female,Manufacturing,Hybrid,6.0,41,No,3.0,Medium,,
EMP4400,27,Male,Finance,Onsite,9.0,60,Yes,1.0,High,,
EMP4524,26,Male,Manufacturing,Remote,6.0,42,No,2.0,Medium,,
EMP4650,27,Female,Consulting,Onsite,3.0,57,Yes,1.0,Low,,
EMP4750,27,Female,Consulting,Onsite,9.0,24,Yes,3.0,High,,
EMP4883,23,Male,Healthcare,Hybrid,6.0,51,Yes,3.0,Medium,,
EMP4884,22,Female,Consulting,Hybrid,3.0,50,No,4.0,Low,,
EMP4886,26,Male,Retail,Remote,3.0,37,No,4.0,Low,,
EMP4905,24,Male,Finance,Hybrid,6.0,42,No,2.0,Medium,,
EMP0021,26,Female,Retail,Hybrid,3.0,21,No,2.0,Low,,
EMP0063,25,Male,Finance,Hybrid,6.0,28,No,3.0,Medium,,
EMP0228,23,Male,IT,Onsite,6.0,28,Yes,2.0,Medium,,
EMP0237,25,Male,Healthcare,Hybrid,6.0,51,No,1.0,Medium,,
EMP0242,22,Male,Manufacturing,Onsite,9.0,59,Yes,2.0,High,,
EMP0276,27,Male,Finance,Onsite,3.0,36,Yes,4.0,Low,,
EMP0301,24,Male,Retail,Remote,6.0,21,Yes,3.0,Medium,,
EMP0331,25,Female,Education,Remote,3.0,55,No,5.0,Low,,
EMP0409,24,Female,Finance,Remote,3.0,50,No,1.0,Low,,
EMP0651,25,Female,Consulting,Remote,3.0,39,Yes,4.0,Low,,
EMP0679,25,Female,IT,Onsite,6.0,39,Yes,3.0,Medium,,
EMP0803,27,Male,Education,Onsite,6.0,45,Yes,5.0,Medium,,
EMP0920,27,Female,Consulting,Hybrid,3.0,21,Yes,1.0,Low,,
EMP0963,23,Male,IT,Hybrid,9.0,32,Yes,4.0,High,,
EMP1015,27,Male,Retail,Hybrid,3.0,47,Yes,2.0,Low,,
EMP1081,23,Male,Manufacturing,Hybrid,6.0,48,No,2.0,Medium,,
EMP1148,22,Male,Finance,Remote,6.0,30,Yes,3.0,Medium,,
EMP1167,22,Male,Retail,Onsite,6.0,59,No,3.0,Medium,,
EMP1184,23,Female,Finance,Hybrid,6.0,49,Yes,3.0,Medium,,
EMP1253,23,Male,Retail,Remote,9.0,31,No,4.0,High,,
EMP1270,23,Female,Finance,Hybrid,9.0,24,Yes,3.0,High,,
EMP1277,26,Male,Finance,Remote,6.0,39,No,3.0,Medium,,
EMP1329,27,Female,Retail,Hybrid,9.0,60,Yes,1.0,High,,
EMP1408,23,Male,Finance,Hybrid,9.0,43,No,5.0,High,,
EMP1441,22,Female,Retail,Hybrid,6.0,24,No,3.0,Medium,,
EMP1460,26,Male,Finance,Remote,3.0,41,Yes,1.0,Low,,
EMP1477,24,Female,Consulting,Hybrid,3.0,43,Yes,2.0,Low,,
EMP1526,27,Male,IT,Remote,3.0,44,No,2.0,Low,,
EMP1737,23,Female,Finance,Remote,3.0,54,Yes,3.0,Low,,
EMP2029,25,Male,Education,Onsite,3.0,50,No,2.0,Low,,
EMP2060,25,Male,IT,Hybrid,3.0,20,No,2.0,Low,,
EMP2151,25,Female,IT,Onsite,3.0,58,No,1.0,Low,,
EMP2269,24,Male,Consulting,Remote,6.0,28,No,4.0,Medium,,
EMP2437,23,Male,Education,Hybrid,6.0,42,No,2.0,Medium,,
EMP2479,23,Female,Consulting,Remote,6.0,49,No,3.0,Medium,,
EMP2517,26,Female,Education,Remote,9.0,29,No,4.0,High,,
EMP2539,22,Female,Education,Onsite,3.0,24,Yes,3.0,Low,,
EMP2542,23,Male,Education,Onsite,3.0,31,Yes,5.0,Low,,
EMP2653,25,Female,IT,Onsite,3.0,34,Yes,4.0,Low,,
EMP2878,27,Male,Healthcare,Onsite,6.0,48,Yes,4.0,Medium,,
EMP2892,25,Female,Consulting,Remote,9.0,35,No,3.0,High,,
EMP2902,25,Male,Retail,Remote,6.0,35,Yes,3.0,Medium,,
EMP2925,22,Female,Consulting,Onsite,6.0,38,No,3.0,Medium,,
EMP3015,26,Female,Healthcare,Onsite,6.0,51,Yes,3.0,Medium,,
EMP3034,22,Male,Consulting,Onsite,6.0,31,Yes,1.0,Medium,,
EMP3067,22,Male,Consulting,Onsite,6.0,46,No,4.0,Medium,,
EMP3121,22,Male,Manufacturing,Hybrid,6.0,28,No,2.0,Medium,,
EMP3183,26,Male,Healthcare,Hybrid,3.0,43,No,3.0,Low,,
EMP3309,22,Male,Manufacturing,Remote,9.0,47,Yes,3.0,High,,
EMP3379,27,Female,Retail,Hybrid,9.0,20,No,2.0,High,,
EMP3543,24,Female,Healthcare,Remote,6.0,24,Yes,2.0,Medium,,
EMP3590,25,Female,IT,Onsite,6.0,26,Yes,5.0,Medium,,
EMP3779,22,Male,Manufacturing,Remote,9.0,40,Yes,2.0,High,,
EMP3875,26,Female,Finance,Remote,3.0,54,No,4.0,Low,,
EMP3886,25,Female,Manufacturing,Hybrid,9.0,54,No,1.0,High,,
EMP3915,22,Male,Consulting,Hybrid,9.0,23,Yes,4.0,High,,
EMP3925,23,Male,Healthcare,Hybrid,6.0,50,Yes,3.0,Medium,,
EMP4003,22,Female,Finance,Hybrid,9.0,36,Yes,1.0,High,,
EMP4083,22,Male,Retail,Hybrid,6.0,26,Yes,2.0,Medium,,
EMP4113,24,Male,Consulting,Remote,9.0,53,No,2.0,High,,
EMP4135,23,Male,Manufacturing,Remote,9.0,58,Yes,4.0,High,,
EMP4189,26,Female,Healthcare,Hybrid,6.0,40,Yes,1.0,Medium,,
EMP4205,24,Female,Retail,Hybrid,6.0,55,No,5.0,Medium,,
EMP4245,23,Male,Manufacturing,Hybrid,3.0,47,Yes,3.0,Low,,
EMP4300,22,Female,Manufacturing,Hybrid,3.0,39,Yes,1.0,Low,,
EMP4374,24,Male,IT,Remote,6.0,56,No,1.0,Medium,,
EMP4389,23,Female,Manufacturing,Onsite,9.0,33,Yes,3.0,High,,
EMP4393,22,Female,Education,Onsite,9.0,60,No,5.0,High,,
EMP4406,24,Female,Education,Remote,6.0,46,Yes,3.0,Medium,,
EMP4444,26,Male,Healthcare,Remote,3.0,53,Yes,2.0,Low,,
EMP4499,24,Female,Finance,Remote,9.0,47,Yes,2.0,High,,
EMP4593,25,Male,Healthcare,Onsite,3.0,39,No,1.0,Low,,
EMP4621,22,Female,Finance,Hybrid,6.0,39,No,3.0,Medium,,
EMP4677,25,Male,Healthcare,Onsite,9.0,53,Yes,1.0,High,,
EMP4772,23,Female,IT,Onsite,6.0,47,No,3.0,Medium,,
EMP4821,24,Female,IT,Onsite,9.0,37,Yes,1.0,High,,
EMP4911,27,Male,Finance,Onsite,9.0,41,No,2.0,High,,
EMP4920,25,Male,Education,Onsite,9.0,49,No,4.0,High,,
EMP4943,25,Female,Retail,Hybrid,9.0,23,Yes,1.0,High,,
EMP0022,26,Male,Education,Onsite,6.0,54,No,3.0,Medium,,
EMP0059,26,Female,Manufacturing,Remote,3.0,51,No,1.0,Low,,
EMP0348,24,Female,Finance,Onsite,9.0,22,Yes,4.0,High,,
EMP0407,24,Female,Healthcare,Onsite,9.0,60,Yes,3.0,High,,
EMP0411,22,Female,Healthcare,Remote,6.0,43,No,2.0,Medium,,
EMP0441,23,Female,Retail,Hybrid,3.0,35,No,2.0,Low,,
EMP0481,23,Female,Retail,Hybrid,9.0,56,No,2.0,High,,
EMP0507,27,Female,Healthcare,Remote,3.0,29,Yes,1.0,Low,,
EMP0924,27,Female,Finance,Hybrid,9.0,48,Yes,3.0,High,,
EMP0930,22,Male,Finance,Remote,3.0,39,No,4.0,Low,,
EMP1073,23,Female,Finance,Hybrid,3.0,41,Yes,2.0,Low,,
EMP1096,23,Female,Healthcare,Hybrid,6.0,45,No,3.0,Medium,,
EMP1103,24,Female,Retail,Hybrid,6.0,46,No,4.0,Medium,,
EMP1192,22,Male,Consulting,Remote,6.0,32,Yes,1.0,Medium,,
EMP1261,24,Male,Finance,Remote,9.0,40,Yes,5.0,High,,
EMP1334,23,Female,Healthcare,Remote,6.0,51,Yes,3.0,Medium,,
EMP1432,24,Male,Manufacturing,Remote,9.0,23,No,3.0,High,,
EMP1475,25,Female,Consulting,Remote,3.0,57,No,3.0,Low,,
EMP1504,26,Female,Consulting,Onsite,3.0,41,No,3.0,Low,,
EMP1514,24,Male,Manufacturing,Hybrid,3.0,33,Yes,5.0,Low,,
EMP1519,26,Male,Finance,Remote,9.0,40,No,3.0,High,,
EMP1552,27,Male,Manufacturing,Onsite,9.0,42,Yes,1.0,High,,
EMP1576,22,Female,Manufacturing,Hybrid,3.0,35,Yes,1.0,Low,,
EMP1654,25,Female,Consulting,Onsite,3.0,38,Yes,5.0,Low,,
EMP1756,24,Female,Retail,Onsite,9.0,25,Yes,2.0,High,,
EMP1904,24,Male,Healthcare,Hybrid,3.0,43,No,2.0,Low,,
EMP1930,22,Female,IT,Onsite,3.0,30,No,5.0,Low,,
EMP1966,27,Male,Education,Hybrid,3.0,43,No,3.0,Low,,
EMP2027,24,Male,Education,Onsite,6.0,35,Yes,5.0,Medium,,
EMP2049,25,Male,Healthcare,Remote,3.0,56,No,3.0,Low,,
EMP2154,25,Male,Manufacturing,Hybrid,3.0,28,Yes,1.0,Low,,
EMP2343,25,Female,IT,Onsite,9.0,56,No,4.0,High,,
EMP2409,26,Male,IT,Remote,6.0,49,No,5.0,Medium,,
EMP2433,24,Female,Retail,Remote,3.0,21,No,2.0,Low,,
EMP2503,22,Female,Consulting,Hybrid,6.0,49,No,3.0,Medium,,
EMP2578,26,Male,Manufacturing,Remote,3.0,41,Yes,5.0,Low,,
EMP2610,24,Female,Finance,Hybrid,9.0,30,Yes,3.0,High,,
EMP2669,27,Female,Healthcare,Remote,6.0,55,Yes,5.0,Medium,,
EMP2728,22,Male,Retail,Hybrid,6.0,34,Yes,4.0,Medium,,
EMP2749,25,Female,Retail,Remote,9.0,39,No,1.0,High,,
EMP2786,24,Female,Finance,Hybrid,9.0,45,Yes,1.0,High,,
EMP2862,24,Female,Manufacturing,Remote,3.0,47,Yes,2.0,Low,,
EMP2866,22,Female,Consulting,Remote,3.0,26,Yes,3.0,Low,,
EMP2873,26,Male,Retail,Onsite,3.0,46,No,5.0,Low,,
EMP2946,25,Female,Retail,Remote,6.0,22,No,4.0,Medium,,
EMP2980,22,Female,Consulting,Onsite,3.0,56,Yes,3.0,Low,,
EMP3061,24,Female,Finance,Hybrid,6.0,50,Yes,1.0,Medium,,
EMP3076,25,Male,Consulting,Hybrid,6.0,35,Yes,4.0,Medium,,
EMP3124,22,Female,IT,Remote,9.0,50,No,2.0,High,,
EMP3157,23,Male,Retail,Onsite,3.0,56,No,2.0,Low,,
EMP3311,22,Female,Healthcare,Hybrid,9.0,51,Yes,5.0,High,,
EMP3467,23,Female,Finance,Remote,9.0,50,No,3.0,High,,
EMP3499,25,Female,Healthcare,Remote,9.0,28,Yes,1.0,High,,
EMP3587,24,Male,Manufacturing,Hybrid,9.0,41,No,2.0,High,,
EMP3656,23,Male,IT,Hybrid,3.0,50,No,4.0,Low,,
EMP3688,22,Female,Healthcare,Hybrid,6.0,34,No,3.0,Medium,,
EMP3731,26,Female,Education,Onsite,3.0,26,No,1.0,Low,,
EMP3831,25,Female,IT,Onsite,9.0,45,No,5.0,High,,
EMP3952,27,Male,IT,Hybrid,6.0,34,Yes,1.0,Medium,,
EMP3964,26,Male,Consulting,Hybrid,9.0,36,Yes,1.0,High,,
EMP4073,23,Male,Retail,Hybrid,9.0,31,No,1.0,High,,
EMP4150,26,Male,Manufacturing,Remote,9.0,52,No,2.0,High,,
EMP4283,26,Male,Manufacturing,Hybrid,3.0,35,Yes,2.0,Low,,
EMP4361,24,Male,Education,Onsite,9.0,20,Yes,4.0,High,,
EMP4366,26,Male,IT,Hybrid,3.0,28,No,1.0,Low,,
EMP4509,26,Female,Healthcare,Remote,9.0,60,No,3.0,High,,
EMP4512,27,Female,IT,Onsite,9.0,25,Yes,4.0,High,,
EMP4519,23,Male,Manufacturing,Onsite,6.0,49,Yes,1.0,Medium,,
EMP4638,22,Male,Retail,Onsite,3.0,26,Yes,4.0,Low,,
EMP4651,23,Female,IT,Onsite,9.0,57,Yes,3.0,High,,
EMP4654,23,Male,Retail,Hybrid,9.0,20,Yes,2.0,High,,
EMP4760,27,Male,Manufacturing,Onsite,9.0,58,Yes,2.0,High,,
EMP4766,23,Female,Education,Hybrid,6.0,44,No,3.0,Medium,,
EMP4789,24,Female,IT,Remote,3.0,31,No,4.0,Low,,
EMP4843,27,Male,Retail,Hybrid,9.0,29,No,5.0,High,,
EMP4922,22,Female,Consulting,Onsite,3.0,32,No,4.0,Low,,
EMP4957,25,Female,Finance,Hybrid,3.0,57,No,1.0,Low,,
EMP4965,26,Female,Manufacturing,Onsite,9.0,41,No,3.0,High,,
EMP0154,23,Female,Consulting,Remote,6.0,26,Yes,1.0,Medium,,
EMP0235,23,Female,Retail,Onsite,3.0,55,No,4.0,Low,,
EMP0295,27,Male,Healthcare,Hybrid,3.0,26,No,4.0,Low,,
EMP0309,24,Female,Finance,Hybrid,3.0,45,Yes,3.0,Low,,
EMP0322,23,Female,Education,Onsite,6.0,48,No,3.0,Medium,,
EMP0351,25,Female,Manufacturing,Remote,9.0,37,Yes,1.0,High,,
EMP0535,24,Male,Healthcare,Hybrid,9.0,31,Yes,5.0,High,,
EMP0602,25,Male,Retail,Onsite,9.0,47,No,3.0,High,,
EMP0620,27,Female,Consulting,Onsite,9.0,27,No,5.0,High,,
EMP0852,25,Male,IT,Remote,3.0,31,No,3.0,Low,,
EMP0864,24,Male,Healthcare,Onsite,9.0,43,Yes,2.0,High,,
EMP1080,23,Female,IT,Onsite,3.0,60,Yes,1.0,Low,,
EMP1104,27,Female,Education,Hybrid,9.0,60,No,3.0,High,,
EMP1120,24,Male,Healthcare,Onsite,6.0,29,Yes,5.0,Medium,,
EMP1152,26,Male,Healthcare,Onsite,9.0,36,No,1.0,High,,
EMP1194,26,Male,Education,Hybrid,9.0,59,No,5.0,High,,
EMP1224,25,Female,Retail,Remote,3.0,58,No,1.0,Low,,
EMP1293,27,Male,Consulting,Onsite,3.0,39,No,1.0,Low,,
EMP1342,24,Male,IT,Onsite,9.0,25,No,3.0,High,,
EMP1385,25,Female,Manufacturing,Remote,3.0,20,Yes,3.0,Low,,
EMP1422,23,Female,Manufacturing,Remote,3.0,52,No,5.0,Low,,
EMP1494,26,Female,Education,Onsite,6.0,46,No,1.0,Medium,,
EMP1606,24,Female,Finance,Onsite,9.0,47,No,3.0,High,,
EMP1608,23,Female,Education,Hybrid,3.0,27,Yes,2.0,Low,,
EMP1701,24,Male,Retail,Onsite,6.0,43,No,3.0,Medium,,
EMP1812,25,Female,Consulting,Hybrid,3.0,55,Yes,2.0,Low,,
EMP1821,22,Male,Healthcare,Onsite,3.0,24,No,4.0,Low,,
EMP1885,24,Male,IT,Hybrid,9.0,47,Yes,5.0,High,,
EMP1928,27,Male,IT,Hybrid,6.0,47,Yes,5.0,Medium,,
EMP1993,25,Female,IT,Remote,3.0,20,Yes,5.0,Low,,
EMP2044,23,Female,Retail,Remote,6.0,44,No,1.0,Medium,,
EMP2178,27,Male,Healthcare,Onsite,6.0,38,No,2.0,Medium,,
EMP2208,26,Male,Education,Hybrid,6.0,52,Yes,3.0,Medium,,
EMP2224,25,Female,Finance,Remote,9.0,22,No,1.0,High,,
EMP2313,25,Female,Education,Hybrid,9.0,47,No,3.0,High,,
EMP2377,24,Female,Manufacturing,Onsite,3.0,33,Yes,4.0,Low,,
EMP2401,22,Male,Retail,Remote,6.0,48,Yes,5.0,Medium,,
EMP2512,23,Male,Consulting,Onsite,6.0,29,No,4.0,Medium,,
EMP2554,27,Male,Consulting,Remote,3.0,45,Yes,3.0,Low,,
EMP2680,23,Male,IT,Hybrid,3.0,22,Yes,1.0,Low,,
EMP2811,22,Male,Manufacturing,Hybrid,3.0,39,No,2.0,Low,,
EMP2848,22,Male,IT,Onsite,3.0,48,No,2.0,Low,,
EMP2900,23,Female,Finance,Remote,3.0,55,No,4.0,Low,,
EMP2909,27,Female,IT,Remote,6.0,26,No,4.0,Medium,,
EMP2966,22,Female,Education,Onsite,9.0,27,No,1.0,High,,
EMP3145,27,Male,Retail,Remote,3.0,60,Yes,1.0,Low,,
EMP3180,27,Male,Healthcare,Hybrid,6.0,54,No,5.0,Medium,,
EMP3190,23,Female,Retail,Hybrid,9.0,47,No,2.0,High,,
EMP3247,25,Female,Healthcare,Remote,9.0,26,No,1.0,High,,
EMP3351,25,Male,Consulting,Remote,6.0,20,No,3.0,Medium,,
EMP3362,24,Male,Finance,Hybrid,9.0,44,Yes,4.0,High,,
EMP3454,27,Female,Manufacturing,Onsite,6.0,20,No,1.0,Medium,,
EMP3494,26,Male,IT,Onsite,3.0,52,Yes,5.0,Low,,
EMP3574,22,Female,IT,Remote,6.0,50,Yes,5.0,Medium,,
EMP3607,26,Female,Finance,Remote,9.0,53,Yes,1.0,High,,
EMP3651,23,Female,IT,Remote,3.0,50,Yes,5.0,Low,,
EMP3669,23,Male,Healthcare,Hybrid,9.0,59,Yes,4.0,High,,
EMP3730,23,Female,Healthcare,Remote,6.0,39,No,5.0,Medium,,
EMP3761,25,Female,Education,Onsite,6.0,25,Yes,3.0,Medium,,
EMP3804,24,Female,Healthcare,Onsite,6.0,59,Yes,1.0,Medium,,
EMP3999,27,Female,Finance,Onsite,6.0,56,Yes,1.0,Medium,,
EMP4011,27,Female,Healthcare,Onsite,9.0,60,Yes,2.0,High,,
EMP4063,23,Male,IT,Onsite,3.0,48,Yes,2.0,Low,,
EMP4208,23,Female,Finance,Onsite,6.0,24,No,2.0,Medium,,
EMP4267,22,Male,Healthcare,Hybrid,9.0,37,Yes,1.0,High,,
EMP4273,25,Female,Consulting,Remote,9.0,36,No,2.0,High,,
EMP4287,27,Male,IT,Hybrid,6.0,30,Yes,4.0,Medium,,
EMP4314,22,Male,Education,Remote,9.0,57,No,5.0,High,,
EMP4383,25,Female,Retail,Onsite,3.0,23,No,5.0,Low,,
EMP4528,23,Male,Manufacturing,Remote,6.0,46,No,2.0,Medium,,
EMP4558,22,Male,Retail,Onsite,9.0,39,No,4.0,High,,
EMP4594,22,Male,Education,Hybrid,6.0,42,No,3.0,Medium,,
EMP4615,27,Male,Retail,Onsite,3.0,24,No,4.0,Low,,
EMP4626,23,Female,Manufacturing,Remote,3.0,39,No,2.0,Low,,
EMP4632,24,Male,Consulting,Hybrid,3.0,31,Yes,1.0,Low,,
EMP4706,25,Female,Education,Hybrid,9.0,49,Yes,5.0,High,,
EMP4775,25,Female,Retail,Remote,3.0,28,No,2.0,Low,,
EMP4817,25,Female,Manufacturing,Remote,9.0,58,No,1.0,High,,
EMP4999,27,Female,Healthcare,Remote,3.0,58,Yes,5.0,Low,,
EMP0060,26,Female,IT,Remote,6.0,57,Yes,2.0,Medium,,
EMP0080,27,Male,Consulting,Hybrid,3.0,21,No,5.0,Low,,
EMP0088,22,Female,Education,Hybrid,6.0,43,Yes,1.0,Medium,,
EMP0214,27,Female,Healthcare,Hybrid,3.0,52,Yes,1.0,Low,,
EMP0380,27,Male,Consulting,Remote,9.0,32,No,2.0,High,,
EMP0498,23,Male,Finance,Remote,3.0,41,Yes,4.0,Low,,
EMP0553,27,Male,Manufacturing,Onsite,9.0,39,Yes,4.0,High,,
EMP0563,25,Male,Manufacturing,Hybrid,3.0,31,No,5.0,Low,,
EMP0637,24,Male,Finance,Hybrid,3.0,48,Yes,1.0,Low,,
EMP0783,24,Male,Consulting,Onsite,3.0,26,Yes,1.0,Low,,
EMP0868,26,Female,Education,Hybrid,3.0,51,Yes,4.0,Low,,
EMP0926,23,Male,Manufacturing,Onsite,6.0,59,No,5.0,Medium,,
EMP0979,25,Male,Education,Hybrid,3.0,26,Yes,3.0,Low,,
EMP1033,24,Male,Education,Onsite,6.0,32,Yes,2.0,Medium,,
EMP1136,22,Female,Consulting,Onsite,6.0,43,Yes,5.0,Medium,,
EMP1212,25,Female,Manufacturing,Hybrid,6.0,29,No,1.0,Medium,,
EMP1260,25,Female,Finance,Hybrid,3.0,40,No,1.0,Low,,
EMP1268,27,Female,Consulting,Onsite,3.0,32,No,4.0,Low,,
EMP1313,23,Male,Finance,Remote,9.0,22,Yes,4.0,High,,
EMP1327,24,Female,Retail,Remote,6.0,36,No,5.0,Medium,,
EMP1360,25,Female,Finance,Remote,6.0,32,No,2.0,Medium,,
EMP1405,24,Female,Healthcare,Hybrid,3.0,45,No,4.0,Low,,
EMP1412,24,Female,Education,Remote,3.0,38,No,5.0,Low,,
EMP1537,26,Female,Consulting,Onsite,9.0,54,Yes,4.0,High,,
EMP1541,26,Male,IT,Onsite,9.0,33,No,2.0,High,,
EMP1547,24,Female,Retail,Hybrid,9.0,30,No,3.0,High,,
EMP1565,23,Male,Education,Remote,3.0,37,No,5.0,Low,,
EMP1584,26,Female,Healthcare,Remote,3.0,36,No,5.0,Low,,
EMP1832,25,Male,Manufacturing,Remote,6.0,47,Yes,2.0,Medium,,
EMP1845,27,Male,Consulting,Hybrid,3.0,22,No,4.0,Low,,
EMP2011,25,Male,Manufacturing,Remote,3.0,46,Yes,5.0,Low,,
EMP2018,22,Male,Finance,Onsite,6.0,33,No,2.0,Medium,,
EMP2033,25,Male,Consulting,Hybrid,9.0,60,No,1.0,High,,
EMP2076,23,Male,Manufacturing,Hybrid,6.0,40,No,5.0,Medium,,
EMP2187,26,Male,Manufacturing,Hybrid,3.0,28,No,4.0,Low,,
EMP2210,22,Female,Manufacturing,Remote,9.0,54,Yes,2.0,High,,
EMP2321,25,Male,Retail,Remote,3.0,25,Yes,1.0,Low,,
EMP2332,23,Male,Finance,Remote,6.0,20,No,3.0,Medium,,
EMP2350,23,Male,Manufacturing,Remote,9.0,35,Yes,3.0,High,,
EMP2386,23,Female,IT,Remote,9.0,46,No,5.0,High,,
EMP2576,26,Female,IT,Hybrid,6.0,37,Yes,5.0,Medium,,
EMP2597,25,Male,Education,Onsite,3.0,55,No,2.0,Low,,
EMP2606,27,Male,Manufacturing,Onsite,3.0,54,No,5.0,Low,,
EMP2644,27,Female,Healthcare,Hybrid,3.0,44,No,5.0,Low,,
EMP2695,23,Male,IT,Remote,3.0,59,Yes,3.0,Low,,
EMP2758,25,Female,Finance,Onsite,6.0,53,No,2.0,Medium,,
EMP2861,23,Female,Manufacturing,Onsite,3.0,33,No,4.0,Low,,
EMP2879,24,Female,Education,Remote,6.0,24,No,1.0,Medium,,
EMP2940,24,Female,IT,Onsite,6.0,58,Yes,4.0,Medium,,
EMP3073,25,Female,Retail,Hybrid,6.0,38,Yes,2.0,Medium,,
EMP3099,22,Male,Manufacturing,Remote,9.0,42,No,5.0,High,,
EMP3143,24,Female,Education,Onsite,9.0,42,No,1.0,High,,
EMP3181,23,Female,Consulting,Hybrid,6.0,46,Yes,3.0,Medium,,
EMP3404,25,Female,Manufacturing,Hybrid,9.0,33,Yes,3.0,High,,
EMP3418,27,Male,IT,Remote,6.0,46,Yes,4.0,Medium,,
EMP3441,25,Male,Education,Hybrid,6.0,58,Yes,5.0,Medium,,
EMP3444,25,Female,Healthcare,Remote,9.0,54,Yes,5.0,High,,
EMP3645,22,Female,Finance,Onsite,6.0,51,Yes,3.0,Medium,,
EMP3677,27,Male,Education,Hybrid,9.0,57,Yes,4.0,High,,
EMP3732,27,Female,Consulting,Onsite,6.0,41,Yes,1.0,Medium,,
EMP3777,27,Male,Consulting,Remote,3.0,41,No,1.0,Low,,
EMP3808,22,Male,IT,Hybrid,3.0,41,Yes,2.0,Low,,
EMP3825,26,Male,Retail,Remote,9.0,44,No,3.0,High,,
EMP3882,22,Male,Education,Remote,9.0,20,No,2.0,High,,
EMP4000,24,Male,Consulting,Onsite,3.0,34,No,5.0,Low,,
EMP4038,23,Male,Consulting,Onsite,6.0,50,Yes,4.0,Medium,,
EMP4097,23,Male,Finance,Hybrid,6.0,49,No,2.0,Medium,,
EMP4098,23,Male,Education,Remote,9.0,57,No,5.0,High,,
EMP4227,24,Male,Consulting,Onsite,6.0,28,No,2.0,Medium,,
EMP4462,25,Male,Finance,Hybrid,9.0,58,Yes,4.0,High,,
EMP4489,22,Female,Education,Hybrid,3.0,26,No,4.0,Low,,
EMP4675,22,Female,Retail,Onsite,6.0,58,No,2.0,Medium,,
EMP4713,26,Female,Manufacturing,Remote,9.0,56,Yes,3.0,High,,
EMP4768,25,Female,Education,Remote,3.0,32,Yes,4.0,Low,,
EMP4859,22,Female,Finance,Remote,9.0,44,No,4.0,High,,
EMP4908,24,Female,Manufacturing,Hybrid,9.0,48,Yes,2.0,High,,
EMP4925,24,Male,Healthcare,Remote,6.0,54,No,5.0,Medium,,
EMP4967,24,Female,Healthcare,Remote,9.0,40,Yes,2.0,High,,
EMP4980,26,Male,Retail,Hybrid,6.0,34,Yes,5.0,Medium,,
